{
	"credit": "Made with Blockbench",
	"texture_size": [64, 64],
	"textures": {
		"0": "textures/item/shrek",
		"particle": "textures/item/shrek"
	},
	"elements": [
		{
			"from": [4.5, 3.4, 2.8],
			"to": [7, 4.2, 3.4],
			"rotation": {"angle": 22.5, "axis": "z", "origin": [6, 3.7, 3]},
			"faces": {
				"north": {"uv": [6.5, 7, 7.125, 7.25], "texture": "#0"},
				"east": {"uv": [6.25, 7.75, 6.375, 8], "texture": "#0"},
				"south": {"uv": [4, 7.25, 4.625, 7.5], "texture": "#0"},
				"west": {"uv": [1.5, 8, 1.625, 8.25], "texture": "#0"},
				"up": {"uv": [5.375, 8.125, 4.75, 8], "texture": "#0"},
				"down": {"uv": [8.625, 5, 8, 5.125], "texture": "#0"}
			}
		},
		{
			"from": [9.1, 3.4, 2.8],
			"to": [11.6, 4.2, 3.4],
			"rotation": {"angle": -22.5, "axis": "z", "origin": [10, 3.7, 3]},
			"faces": {
				"north": {"uv": [4.75, 7.25, 5.375, 7.5], "texture": "#0"},
				"east": {"uv": [1.75, 8, 1.875, 8.25], "texture": "#0"},
				"south": {"uv": [6.5, 7.25, 7.125, 7.5], "texture": "#0"},
				"west": {"uv": [5.5, 8, 5.625, 8.25], "texture": "#0"},
				"up": {"uv": [8.625, 5.375, 8, 5.25], "texture": "#0"},
				"down": {"uv": [6.875, 8, 6.25, 8.125], "texture": "#0"}
			}
		},
		{
			"from": [7, 0.7, 1.8],
			"to": [9, 2.2, 3],
			"rotation": {"angle": 0, "axis": "y", "origin": [0, 0.7, 0]},
			"faces": {
				"north": {"uv": [4, 5.75, 4.5, 6.125], "texture": "#0"},
				"east": {"uv": [5.75, 7.75, 6, 8.125], "texture": "#0"},
				"south": {"uv": [1.25, 6.75, 1.75, 7.125], "texture": "#0"},
				"west": {"uv": [6, 7.75, 6.25, 8.125], "texture": "#0"},
				"up": {"uv": [2, 8, 1.5, 7.75], "texture": "#0"},
				"down": {"uv": [3.25, 7.75, 2.75, 8], "texture": "#0"}
			}
		},
		{
			"from": [12, 0.7, 4],
			"to": [13, 3.7, 12],
			"rotation": {"angle": 0, "axis": "y", "origin": [0, 0.7, 0]},
			"faces": {
				"north": {"uv": [1.75, 6.75, 2, 7.5], "texture": "#0"},
				"east": {"uv": [2, 5.75, 4, 6.5], "texture": "#0"},
				"south": {"uv": [5.75, 7, 6, 7.75], "texture": "#0"},
				"west": {"uv": [0, 6, 2, 6.75], "texture": "#0"},
				"up": {"uv": [6.75, 3.5, 6.5, 1.5], "texture": "#0"},
				"down": {"uv": [2.25, 6.5, 2, 8.5], "texture": "#0"}
			}
		},
		{
			"from": [3, 0.7, 4],
			"to": [4, 3.7, 12],
			"rotation": {"angle": 0, "axis": "y", "origin": [0, 0.7, 0]},
			"faces": {
				"north": {"uv": [6, 7, 6.25, 7.75], "texture": "#0"},
				"east": {"uv": [4, 6.25, 6, 7], "texture": "#0"},
				"south": {"uv": [6.25, 7, 6.5, 7.75], "texture": "#0"},
				"west": {"uv": [6, 6.25, 8, 7], "texture": "#0"},
				"up": {"uv": [2.5, 8.5, 2.25, 6.5], "texture": "#0"},
				"down": {"uv": [2.75, 6.5, 2.5, 8.5], "texture": "#0"}
			}
		},
		{
			"from": [12.3, 3.1, 7.5],
			"to": [13.3, 7.4, 8.5],
			"rotation": {"angle": -22.5, "axis": "z", "origin": [11.5, 6.7, 0]},
			"faces": {
				"north": {"uv": [2.75, 6.5, 3, 7.625], "texture": "#0"},
				"east": {"uv": [3, 6.5, 3.25, 7.625], "texture": "#0"},
				"south": {"uv": [3.25, 6.5, 3.5, 7.625], "texture": "#0"},
				"west": {"uv": [3.5, 6.5, 3.75, 7.625], "texture": "#0"},
				"up": {"uv": [5.75, 7.5, 5.5, 7.25], "texture": "#0"},
				"down": {"uv": [2, 7.5, 1.75, 7.75], "texture": "#0"}
			}
		},
		{
			"from": [2.7, 3.1, 7.5],
			"to": [3.7, 7.3, 8.5],
			"rotation": {"angle": 22.5, "axis": "z", "origin": [4.6, 6.7, 0]},
			"faces": {
				"north": {"uv": [2, 4, 2.25, 5], "texture": "#0"},
				"east": {"uv": [2.25, 4, 2.5, 5], "texture": "#0"},
				"south": {"uv": [3.75, 6.5, 4, 7.5], "texture": "#0"},
				"west": {"uv": [0, 6.75, 0.25, 7.75], "texture": "#0"},
				"up": {"uv": [3.5, 8, 3.25, 7.75], "texture": "#0"},
				"down": {"uv": [3.75, 7.75, 3.5, 8], "texture": "#0"}
			}
		},
		{
			"from": [2.4, 7.3, 7.2],
			"to": [4, 8.9, 8.8],
			"rotation": {"angle": 22.5, "axis": "z", "origin": [4.6, 6.7, 0]},
			"faces": {
				"north": {"uv": [1.25, 7.25, 1.625, 7.625], "texture": "#0"},
				"east": {"uv": [7.25, 7, 7.625, 7.375], "texture": "#0"},
				"south": {"uv": [3.75, 7.5, 4.125, 7.875], "texture": "#0"},
				"west": {"uv": [4.25, 7.5, 4.625, 7.875], "texture": "#0"},
				"up": {"uv": [5.125, 7.875, 4.75, 7.5], "texture": "#0"},
				"down": {"uv": [5.625, 7.5, 5.25, 7.875], "texture": "#0"}
			}
		},
		{
			"from": [5, 0, -4],
			"to": [11, 0.7, -3],
			"rotation": {"angle": 0, "axis": "y", "origin": [0, 0.7, 0]},
			"faces": {
				"north": {"uv": [7, 5.75, 8.5, 5.875], "texture": "#0"},
				"east": {"uv": [8, 6.25, 8.25, 6.375], "texture": "#0"},
				"south": {"uv": [7, 6, 8.5, 6.125], "texture": "#0"},
				"west": {"uv": [8, 6.5, 8.25, 6.625], "texture": "#0"},
				"up": {"uv": [8, 5.25, 6.5, 5], "texture": "#0"},
				"down": {"uv": [8, 5.25, 6.5, 5.5], "texture": "#0"}
			}
		},
		{
			"from": [12, 7.4, 7.2],
			"to": [13.6, 8.9, 8.8],
			"rotation": {"angle": -22.5, "axis": "z", "origin": [11.5, 6.7, 0]},
			"faces": {
				"north": {"uv": [6.5, 7.5, 6.875, 7.875], "texture": "#0"},
				"east": {"uv": [7, 7.5, 7.375, 7.875], "texture": "#0"},
				"south": {"uv": [7.5, 7.5, 7.875, 7.875], "texture": "#0"},
				"west": {"uv": [0, 7.75, 0.375, 8.125], "texture": "#0"},
				"up": {"uv": [0.875, 8.125, 0.5, 7.75], "texture": "#0"},
				"down": {"uv": [1.375, 7.75, 1, 8.125], "texture": "#0"}
			}
		},
		{
			"from": [4, 0, 12],
			"to": [12, 0.7, 13],
			"rotation": {"angle": 0, "axis": "y", "origin": [0, 0.7, 0]},
			"faces": {
				"north": {"uv": [6.75, 2, 8.75, 2.125], "texture": "#0"},
				"east": {"uv": [8, 6.75, 8.25, 6.875], "texture": "#0"},
				"south": {"uv": [6.75, 2.25, 8.75, 2.375], "texture": "#0"},
				"west": {"uv": [7, 8, 7.25, 8.125], "texture": "#0"},
				"up": {"uv": [8.5, 3.75, 6.5, 3.5], "texture": "#0"},
				"down": {"uv": [8.5, 3.75, 6.5, 4], "texture": "#0"}
			}
		},
		{
			"from": [3, 0, 4],
			"to": [13, 0.7, 12],
			"rotation": {"angle": 0, "axis": "y", "origin": [0, 0.7, 0]},
			"faces": {
				"north": {"uv": [6.75, 1.5, 9.25, 1.625], "texture": "#0"},
				"east": {"uv": [6.75, 2.5, 8.75, 2.625], "texture": "#0"},
				"south": {"uv": [6.75, 1.75, 9.25, 1.875], "texture": "#0"},
				"west": {"uv": [6.75, 2.75, 8.75, 2.875], "texture": "#0"},
				"up": {"uv": [2.5, 2, 0, 0], "texture": "#0"},
				"down": {"uv": [2.5, 2, 0, 4], "texture": "#0"}
			}
		},
		{
			"from": [4, 3.7, 4],
			"to": [12, 4.7, 12],
			"rotation": {"angle": 0, "axis": "y", "origin": [0, 0.7, 0]},
			"faces": {
				"north": {"uv": [6.5, 4, 8.5, 4.25], "texture": "#0"},
				"east": {"uv": [6.5, 4.25, 8.5, 4.5], "texture": "#0"},
				"south": {"uv": [6.5, 4.5, 8.5, 4.75], "texture": "#0"},
				"west": {"uv": [6.5, 4.75, 8.5, 5], "texture": "#0"},
				"up": {"uv": [2, 6, 0, 4], "texture": "#0"},
				"down": {"uv": [6.5, 0, 4.5, 2], "texture": "#0"}
			}
		},
		{
			"from": [4, 0, -3],
			"to": [12, 0.7, 4],
			"rotation": {"angle": 0, "axis": "y", "origin": [0, 0.7, 0]},
			"faces": {
				"north": {"uv": [6.75, 3, 8.75, 3.125], "texture": "#0"},
				"east": {"uv": [4, 7, 5.75, 7.125], "texture": "#0"},
				"south": {"uv": [6.75, 3.25, 8.75, 3.375], "texture": "#0"},
				"west": {"uv": [7, 5.5, 8.75, 5.625], "texture": "#0"},
				"up": {"uv": [6.5, 3.75, 4.5, 2], "texture": "#0"},
				"down": {"uv": [6.5, 3.75, 4.5, 5.5], "texture": "#0"}
			}
		},
		{
			"from": [3, 0, 0],
			"to": [4, 0.7, 4],
			"rotation": {"angle": 0, "axis": "y", "origin": [0, 0.7, 0]},
			"faces": {
				"north": {"uv": [7.25, 8, 7.5, 8.125], "texture": "#0"},
				"east": {"uv": [7.75, 7, 8.75, 7.125], "texture": "#0"},
				"south": {"uv": [7.5, 8, 7.75, 8.125], "texture": "#0"},
				"west": {"uv": [7.75, 7.25, 8.75, 7.375], "texture": "#0"},
				"up": {"uv": [0.5, 7.75, 0.25, 6.75], "texture": "#0"},
				"down": {"uv": [0.75, 6.75, 0.5, 7.75], "texture": "#0"}
			}
		},
		{
			"from": [12, 0, 0],
			"to": [13, 0.7, 4],
			"rotation": {"angle": 0, "axis": "y", "origin": [0, 0.7, 0]},
			"faces": {
				"north": {"uv": [8, 7.5, 8.25, 7.625], "texture": "#0"},
				"east": {"uv": [2.75, 8, 3.75, 8.125], "texture": "#0"},
				"south": {"uv": [7.75, 8, 8, 8.125], "texture": "#0"},
				"west": {"uv": [3.75, 8, 4.75, 8.125], "texture": "#0"},
				"up": {"uv": [1, 7.75, 0.75, 6.75], "texture": "#0"},
				"down": {"uv": [1.25, 6.75, 1, 7.75], "texture": "#0"}
			}
		},
		{
			"from": [4, 0.7, 3],
			"to": [12, 3.7, 13],
			"rotation": {"angle": 0, "axis": "y", "origin": [0, 0.7, 0]},
			"faces": {
				"north": {"uv": [6.5, 0, 8.5, 0.75], "texture": "#0"},
				"east": {"uv": [2, 5, 4.5, 5.75], "texture": "#0"},
				"south": {"uv": [6.5, 0.75, 8.5, 1.5], "texture": "#0"},
				"west": {"uv": [4.5, 5.5, 7, 6.25], "texture": "#0"},
				"up": {"uv": [4.5, 2.5, 2.5, 0], "texture": "#0"},
				"down": {"uv": [4.5, 2.5, 2.5, 5], "texture": "#0"}
			}
		}
	],
	"display": {
		"head": {
			"translation": [0, 18.25, 0],
			"scale": [1.27, 1.5, 1]
		}
	},
	"groups": [
		{
			"name": "group",
			"origin": [0, 0, 0],
			"color": 0,
			"children": [0, 1, 2, 3, 4, 5, 6, 7, 8, 9, 10, 11, 12, 13, 14, 15, 16]
		}
	]
}