{
	"credit": "Made with Blockbench",
	"textures": {
		"0": "block/black_concrete",
		"1": "block/red_concrete",
		"2": "block/yellow_concrete",
		"particle": "block/black_concrete"
	},
	"elements": [
		{
			"from": [-2, -8.25, 0],
			"to": [17.5, 3.25, 1],
			"faces": {
				"north": {"uv": [0, 0, 16, 11.5], "texture": "#0"},
				"east": {"uv": [0, 0, 1, 11.5], "texture": "#0"},
				"south": {"uv": [0, 0, 16, 11.5], "texture": "#0"},
				"west": {"uv": [0, 0, 1, 11.5], "texture": "#0"},
				"up": {"uv": [0, 0, 16, 1], "texture": "#0"},
				"down": {"uv": [0, 0, 16, 1], "texture": "#0"}
			}
		},
		{
			"from": [-6, -8.25, 0],
			"to": [-1.5, -2.25, 1],
			"faces": {
				"north": {"uv": [0, 0, 4.5, 6], "texture": "#0"},
				"east": {"uv": [0, 0, 1, 6], "texture": "#0"},
				"south": {"uv": [0, 0, 4.5, 6], "texture": "#0"},
				"west": {"uv": [0, 0, 1, 6], "texture": "#0"},
				"up": {"uv": [0, 0, 4.5, 1], "texture": "#0"},
				"down": {"uv": [0, 0, 4.5, 1], "texture": "#0"}
			}
		},
		{
			"from": [-6.75, -2.25, 0],
			"to": [-1.5, 0.5, 1],
			"faces": {
				"north": {"uv": [0, 0, 5.25, 2.75], "texture": "#0"},
				"east": {"uv": [0, 0, 1, 2.75], "texture": "#0"},
				"south": {"uv": [0, 0, 5.25, 2.75], "texture": "#0"},
				"west": {"uv": [0, 0, 1, 2.75], "texture": "#0"},
				"up": {"uv": [0, 0, 5.25, 1], "texture": "#0"},
				"down": {"uv": [0, 0, 5.25, 1], "texture": "#0"}
			}
		},
		{
			"from": [15, -7.4375, -0.5],
			"to": [16.75, -7.25, 0],
			"rotation": {"angle": 0, "axis": "z", "origin": [14, -3.5, 0]},
			"faces": {
				"north": {"uv": [0, 0, 0.1875, 1.75], "rotation": 90, "texture": "#1"},
				"east": {"uv": [0, 0, 0.1875, 0.5], "rotation": 270, "texture": "#1"},
				"south": {"uv": [0, 0, 0.1875, 1.75], "rotation": 270, "texture": "#1"},
				"west": {"uv": [0, 0, 0.1875, 0.5], "rotation": 270, "texture": "#1"},
				"up": {"uv": [0, 0, 0.5, 1.75], "rotation": 270, "texture": "#1"},
				"down": {"uv": [0, 0, 0.5, 1.75], "rotation": 270, "texture": "#1"}
			}
		},
		{
			"from": [16.53125, -6.34375, -0.5],
			"to": [16.71875, -5.09375, 0],
			"rotation": {"angle": 0, "axis": "z", "origin": [14, -7.5, 0]},
			"faces": {
				"north": {"uv": [0, 0, 0.1875, 1.25], "texture": "#1"},
				"east": {"uv": [0, 0, 0.5, 1.25], "texture": "#1"},
				"south": {"uv": [0, 0, 0.1875, 1.25], "texture": "#1"},
				"west": {"uv": [0, 0, 0.5, 1.25], "texture": "#1"},
				"up": {"uv": [0, 0, 0.1875, 0.5], "texture": "#1"},
				"down": {"uv": [0, 0, 0.1875, 0.5], "texture": "#1"}
			}
		},
		{
			"from": [13.75, -7.53125, -0.5],
			"to": [15.5, -7.34375, 0],
			"rotation": {"angle": 0, "axis": "z", "origin": [14, -3.5, 0]},
			"faces": {
				"north": {"uv": [0, 0, 0.1875, 1.75], "rotation": 90, "texture": "#1"},
				"east": {"uv": [0, 0, 0.1875, 0.5], "rotation": 270, "texture": "#1"},
				"south": {"uv": [0, 0, 0.1875, 1.75], "rotation": 270, "texture": "#1"},
				"west": {"uv": [0, 0, 0.1875, 0.5], "rotation": 270, "texture": "#1"},
				"up": {"uv": [0, 0, 0.5, 1.75], "rotation": 270, "texture": "#1"},
				"down": {"uv": [0, 0, 0.5, 1.75], "rotation": 270, "texture": "#1"}
			}
		},
		{
			"from": [12.25, -7.46875, -0.5],
			"to": [14, -7.28125, 0],
			"rotation": {"angle": 0, "axis": "z", "origin": [14, -3.5, 0]},
			"faces": {
				"north": {"uv": [0, 0, 0.1875, 1.75], "rotation": 90, "texture": "#1"},
				"east": {"uv": [0, 0, 0.1875, 0.5], "rotation": 270, "texture": "#1"},
				"south": {"uv": [0, 0, 0.1875, 1.75], "rotation": 270, "texture": "#1"},
				"west": {"uv": [0, 0, 0.1875, 0.5], "rotation": 270, "texture": "#1"},
				"up": {"uv": [0, 0, 0.5, 1.75], "rotation": 270, "texture": "#1"},
				"down": {"uv": [0, 0, 0.5, 1.75], "rotation": 270, "texture": "#1"}
			}
		},
		{
			"from": [10.75, -7.5625, -0.5],
			"to": [12.5, -7.375, 0],
			"rotation": {"angle": 0, "axis": "z", "origin": [14, -3.5, 0]},
			"faces": {
				"north": {"uv": [0, 0, 0.1875, 1.75], "rotation": 90, "texture": "#1"},
				"east": {"uv": [0, 0, 0.1875, 0.5], "rotation": 270, "texture": "#1"},
				"south": {"uv": [0, 0, 0.1875, 1.75], "rotation": 270, "texture": "#1"},
				"west": {"uv": [0, 0, 0.1875, 0.5], "rotation": 270, "texture": "#1"},
				"up": {"uv": [0, 0, 0.5, 1.75], "rotation": 270, "texture": "#1"},
				"down": {"uv": [0, 0, 0.5, 1.75], "rotation": 270, "texture": "#1"}
			}
		},
		{
			"from": [2.25, -7.3125, -0.5],
			"to": [4, -7.125, 0],
			"rotation": {"angle": 0, "axis": "z", "origin": [14, -3.5, 0]},
			"faces": {
				"north": {"uv": [0, 0, 0.1875, 1.75], "rotation": 90, "texture": "#1"},
				"east": {"uv": [0, 0, 0.1875, 0.5], "rotation": 270, "texture": "#1"},
				"south": {"uv": [0, 0, 0.1875, 1.75], "rotation": 270, "texture": "#1"},
				"west": {"uv": [0, 0, 0.1875, 0.5], "rotation": 270, "texture": "#1"},
				"up": {"uv": [0, 0, 0.5, 1.75], "rotation": 270, "texture": "#1"},
				"down": {"uv": [0, 0, 0.5, 1.75], "rotation": 270, "texture": "#1"}
			}
		},
		{
			"from": [0.6875, -7.40625, -0.5],
			"to": [2.4375, -7.21875, 0],
			"rotation": {"angle": 0, "axis": "z", "origin": [14, -3.5, 0]},
			"faces": {
				"north": {"uv": [0, 0, 0.1875, 1.75], "rotation": 90, "texture": "#1"},
				"east": {"uv": [0, 0, 0.1875, 0.5], "rotation": 270, "texture": "#1"},
				"south": {"uv": [0, 0, 0.1875, 1.75], "rotation": 270, "texture": "#1"},
				"west": {"uv": [0, 0, 0.1875, 0.5], "rotation": 270, "texture": "#1"},
				"up": {"uv": [0, 0, 0.5, 1.75], "rotation": 270, "texture": "#1"},
				"down": {"uv": [0, 0, 0.5, 1.75], "rotation": 270, "texture": "#1"}
			}
		},
		{
			"from": [-1, -7.28125, -0.5],
			"to": [0.75, -7.09375, 0],
			"rotation": {"angle": 0, "axis": "z", "origin": [14, -3.5, 0]},
			"faces": {
				"north": {"uv": [0, 0, 0.1875, 1.75], "rotation": 90, "texture": "#1"},
				"east": {"uv": [0, 0, 0.1875, 0.5], "rotation": 270, "texture": "#1"},
				"south": {"uv": [0, 0, 0.1875, 1.75], "rotation": 270, "texture": "#1"},
				"west": {"uv": [0, 0, 0.1875, 0.5], "rotation": 270, "texture": "#1"},
				"up": {"uv": [0, 0, 0.5, 1.75], "rotation": 270, "texture": "#1"},
				"down": {"uv": [0, 0, 0.5, 1.75], "rotation": 270, "texture": "#1"}
			}
		},
		{
			"from": [-3, -7.34375, -0.5],
			"to": [-1.25, -7.15625, 0],
			"rotation": {"angle": 0, "axis": "z", "origin": [14, -3.5, 0]},
			"faces": {
				"north": {"uv": [0, 0, 0.1875, 1.75], "rotation": 90, "texture": "#1"},
				"east": {"uv": [0, 0, 0.1875, 0.5], "rotation": 270, "texture": "#1"},
				"south": {"uv": [0, 0, 0.1875, 1.75], "rotation": 270, "texture": "#1"},
				"west": {"uv": [0, 0, 0.1875, 0.5], "rotation": 270, "texture": "#1"},
				"up": {"uv": [0, 0, 0.5, 1.75], "rotation": 270, "texture": "#1"},
				"down": {"uv": [0, 0, 0.5, 1.75], "rotation": 270, "texture": "#1"}
			}
		},
		{
			"from": [-3.40625, -7.25, -0.5],
			"to": [-3.15625, -7.0625, 0],
			"rotation": {"angle": 0, "axis": "z", "origin": [14, -3.5, 0]},
			"faces": {
				"north": {"uv": [0, 0, 0.1875, 0.25], "rotation": 90, "texture": "#1"},
				"east": {"uv": [0, 0, 0.1875, 0.5], "rotation": 270, "texture": "#1"},
				"south": {"uv": [0, 0, 0.1875, 0.25], "rotation": 270, "texture": "#1"},
				"west": {"uv": [0, 0, 0.1875, 0.5], "rotation": 270, "texture": "#1"},
				"up": {"uv": [0, 0, 0.5, 0.25], "rotation": 270, "texture": "#1"},
				"down": {"uv": [0, 0, 0.5, 0.25], "rotation": 270, "texture": "#1"}
			}
		},
		{
			"from": [-3.78125, -7.09375, -0.5],
			"to": [-3.53125, -6.90625, 0],
			"rotation": {"angle": 0, "axis": "z", "origin": [14, -3.5, 0]},
			"faces": {
				"north": {"uv": [0, 0, 0.1875, 0.25], "rotation": 90, "texture": "#1"},
				"east": {"uv": [0, 0, 0.1875, 0.5], "rotation": 270, "texture": "#1"},
				"south": {"uv": [0, 0, 0.1875, 0.25], "rotation": 270, "texture": "#1"},
				"west": {"uv": [0, 0, 0.1875, 0.5], "rotation": 270, "texture": "#1"},
				"up": {"uv": [0, 0, 0.5, 0.25], "rotation": 270, "texture": "#1"},
				"down": {"uv": [0, 0, 0.5, 0.25], "rotation": 270, "texture": "#1"}
			}
		},
		{
			"from": [16.46875, -7.09375, -0.5],
			"to": [16.71875, -6.90625, 0],
			"rotation": {"angle": 0, "axis": "z", "origin": [14, -3.5, 0]},
			"faces": {
				"north": {"uv": [0, 0, 0.1875, 0.25], "rotation": 90, "texture": "#1"},
				"east": {"uv": [0, 0, 0.1875, 0.5], "rotation": 270, "texture": "#1"},
				"south": {"uv": [0, 0, 0.1875, 0.25], "rotation": 270, "texture": "#1"},
				"west": {"uv": [0, 0, 0.1875, 0.5], "rotation": 270, "texture": "#1"},
				"up": {"uv": [0, 0, 0.5, 0.25], "rotation": 270, "texture": "#1"},
				"down": {"uv": [0, 0, 0.5, 0.25], "rotation": 270, "texture": "#1"}
			}
		},
		{
			"from": [16.5625, -6.71875, -0.5],
			"to": [16.8125, -6.53125, 0],
			"rotation": {"angle": 0, "axis": "z", "origin": [14, -3.5, 0]},
			"faces": {
				"north": {"uv": [0, 0, 0.1875, 0.25], "rotation": 90, "texture": "#1"},
				"east": {"uv": [0, 0, 0.1875, 0.5], "rotation": 270, "texture": "#1"},
				"south": {"uv": [0, 0, 0.1875, 0.25], "rotation": 270, "texture": "#1"},
				"west": {"uv": [0, 0, 0.1875, 0.5], "rotation": 270, "texture": "#1"},
				"up": {"uv": [0, 0, 0.5, 0.25], "rotation": 270, "texture": "#1"},
				"down": {"uv": [0, 0, 0.5, 0.25], "rotation": 270, "texture": "#1"}
			}
		},
		{
			"from": [16.5625, -5, -0.5],
			"to": [16.8125, -4.8125, 0],
			"rotation": {"angle": 0, "axis": "z", "origin": [14, -3.5, 0]},
			"faces": {
				"north": {"uv": [0, 0, 0.1875, 0.25], "rotation": 90, "texture": "#1"},
				"east": {"uv": [0, 0, 0.1875, 0.5], "rotation": 270, "texture": "#1"},
				"south": {"uv": [0, 0, 0.1875, 0.25], "rotation": 270, "texture": "#1"},
				"west": {"uv": [0, 0, 0.1875, 0.5], "rotation": 270, "texture": "#1"},
				"up": {"uv": [0, 0, 0.5, 0.25], "rotation": 270, "texture": "#1"},
				"down": {"uv": [0, 0, 0.5, 0.25], "rotation": 270, "texture": "#1"}
			}
		},
		{
			"from": [-0.3125, -6.90625, -0.5],
			"to": [-0.0625, -6.71875, 0],
			"rotation": {"angle": 0, "axis": "z", "origin": [14, -3.5, 0]},
			"faces": {
				"north": {"uv": [0, 0, 0.1875, 0.25], "rotation": 90, "texture": "#1"},
				"east": {"uv": [0, 0, 0.1875, 0.5], "rotation": 270, "texture": "#1"},
				"south": {"uv": [0, 0, 0.1875, 0.25], "rotation": 270, "texture": "#1"},
				"west": {"uv": [0, 0, 0.1875, 0.5], "rotation": 270, "texture": "#1"},
				"up": {"uv": [0, 0, 0.5, 0.25], "rotation": 270, "texture": "#1"},
				"down": {"uv": [0, 0, 0.5, 0.25], "rotation": 270, "texture": "#1"}
			}
		},
		{
			"from": [-0.3125, -7.15625, -0.5],
			"to": [0.1875, -6.875, 0],
			"rotation": {"angle": 0, "axis": "z", "origin": [14, -3.5, 0]},
			"faces": {
				"north": {"uv": [0, 0, 0.28125, 0.5], "rotation": 90, "texture": "#1"},
				"east": {"uv": [0, 0, 0.28125, 0.5], "rotation": 270, "texture": "#1"},
				"south": {"uv": [0, 0, 0.28125, 0.5], "rotation": 270, "texture": "#1"},
				"west": {"uv": [0, 0, 0.28125, 0.5], "rotation": 270, "texture": "#1"},
				"up": {"uv": [0, 0, 0.5, 0.5], "rotation": 270, "texture": "#1"},
				"down": {"uv": [0, 0, 0.5, 0.5], "rotation": 270, "texture": "#1"}
			}
		},
		{
			"from": [-4.125, -7.25, -0.5],
			"to": [-3.875, -7.0625, 0],
			"rotation": {"angle": 0, "axis": "z", "origin": [14, -3.5, 0]},
			"faces": {
				"north": {"uv": [0, 0, 0.1875, 0.25], "rotation": 90, "texture": "#1"},
				"east": {"uv": [0, 0, 0.1875, 0.5], "rotation": 270, "texture": "#1"},
				"south": {"uv": [0, 0, 0.1875, 0.25], "rotation": 270, "texture": "#1"},
				"west": {"uv": [0, 0, 0.1875, 0.5], "rotation": 270, "texture": "#1"},
				"up": {"uv": [0, 0, 0.5, 0.25], "rotation": 270, "texture": "#1"},
				"down": {"uv": [0, 0, 0.5, 0.25], "rotation": 270, "texture": "#1"}
			}
		},
		{
			"from": [17, -5, 0],
			"to": [23.5, -1.5, 1],
			"rotation": {"angle": 0, "axis": "y", "origin": [-0.5, -1.5, 0]},
			"faces": {
				"north": {"uv": [0, 0, 6.5, 3.5], "texture": "#0"},
				"east": {"uv": [0, 0, 1, 3.5], "texture": "#0"},
				"south": {"uv": [0, 0, 6.5, 3.5], "texture": "#0"},
				"west": {"uv": [0, 0, 1, 3.5], "texture": "#0"},
				"up": {"uv": [0, 0, 6.5, 1], "texture": "#0"},
				"down": {"uv": [0, 0, 6.5, 1], "texture": "#0"}
			}
		},
		{
			"from": [17, -1.5, 0],
			"to": [22, 2, 1],
			"rotation": {"angle": 0, "axis": "y", "origin": [-0.5, -1.5, 0]},
			"faces": {
				"north": {"uv": [0, 0, 5, 3.5], "texture": "#0"},
				"east": {"uv": [0, 0, 1, 3.5], "texture": "#0"},
				"south": {"uv": [0, 0, 5, 3.5], "texture": "#0"},
				"west": {"uv": [0, 0, 1, 3.5], "texture": "#0"},
				"up": {"uv": [0, 0, 5, 1], "texture": "#0"},
				"down": {"uv": [0, 0, 5, 1], "texture": "#0"}
			}
		},
		{
			"from": [10.75, -6, -0.5],
			"to": [11.75, -1, 0],
			"rotation": {"angle": 0, "axis": "z", "origin": [14, -3.5, 0]},
			"faces": {
				"north": {"uv": [0, 0, 1, 5], "texture": "#1"},
				"east": {"uv": [0, 0, 0.5, 5], "texture": "#1"},
				"south": {"uv": [0, 0, 1, 5], "texture": "#1"},
				"west": {"uv": [0, 0, 0.5, 5], "texture": "#1"},
				"up": {"uv": [0, 0, 1, 0.5], "texture": "#1"},
				"down": {"uv": [0, 0, 1, 0.5], "texture": "#1"}
			}
		},
		{
			"from": [9.5, -1.5, -0.5],
			"to": [11.25, -0.5, 0],
			"rotation": {"angle": 0, "axis": "z", "origin": [14, -3.5, 0]},
			"faces": {
				"north": {"uv": [0, 0, 1, 1.75], "rotation": 270, "texture": "#1"},
				"east": {"uv": [0, 0, 1, 0.5], "rotation": 90, "texture": "#1"},
				"south": {"uv": [0, 0, 1, 1.75], "rotation": 90, "texture": "#1"},
				"west": {"uv": [0, 0, 1, 0.5], "rotation": 90, "texture": "#1"},
				"up": {"uv": [0, 0, 0.5, 1.75], "rotation": 90, "texture": "#1"},
				"down": {"uv": [0, 0, 0.5, 1.75], "rotation": 90, "texture": "#1"}
			}
		},
		{
			"from": [9, -6, -0.5],
			"to": [10, -1, 0],
			"rotation": {"angle": 0, "axis": "z", "origin": [14, -3.5, 0]},
			"faces": {
				"north": {"uv": [0, 0, 1, 5], "texture": "#1"},
				"east": {"uv": [0, 0, 0.5, 5], "texture": "#1"},
				"south": {"uv": [0, 0, 1, 5], "texture": "#1"},
				"west": {"uv": [0, 0, 0.5, 5], "texture": "#1"},
				"up": {"uv": [0, 0, 1, 0.5], "texture": "#1"},
				"down": {"uv": [0, 0, 1, 0.5], "texture": "#1"}
			}
		},
		{
			"from": [9.5, -6.5, -0.5],
			"to": [11.25, -5.5, 0],
			"rotation": {"angle": 0, "axis": "z", "origin": [14, -3.5, 0]},
			"faces": {
				"north": {"uv": [0, 0, 1, 1.75], "rotation": 270, "texture": "#1"},
				"east": {"uv": [0, 0, 1, 0.5], "rotation": 90, "texture": "#1"},
				"south": {"uv": [0, 0, 1, 1.75], "rotation": 90, "texture": "#1"},
				"west": {"uv": [0, 0, 1, 0.5], "rotation": 90, "texture": "#1"},
				"up": {"uv": [0, 0, 0.5, 1.75], "rotation": 90, "texture": "#1"},
				"down": {"uv": [0, 0, 0.5, 1.75], "rotation": 90, "texture": "#1"}
			}
		},
		{
			"from": [13, -3, -0.5],
			"to": [14, -1.25, 0],
			"rotation": {"angle": 0, "axis": "z", "origin": [14, -3.5, 0]},
			"faces": {
				"north": {"uv": [0, 0, 1, 1.75], "texture": "#1"},
				"east": {"uv": [0, 0, 0.5, 1.75], "texture": "#1"},
				"south": {"uv": [0, 0, 1, 1.75], "texture": "#1"},
				"west": {"uv": [0, 0, 0.5, 1.75], "texture": "#1"},
				"up": {"uv": [0, 0, 1, 0.5], "texture": "#1"},
				"down": {"uv": [0, 0, 1, 0.5], "texture": "#1"}
			}
		},
		{
			"from": [13.5, -1.5, -0.5],
			"to": [15.25, -0.5, 0],
			"rotation": {"angle": 0, "axis": "z", "origin": [14, -3.5, 0]},
			"faces": {
				"north": {"uv": [0, 0, 1, 1.75], "rotation": 90, "texture": "#1"},
				"east": {"uv": [0, 0, 1, 0.5], "rotation": 270, "texture": "#1"},
				"south": {"uv": [0, 0, 1, 1.75], "rotation": 270, "texture": "#1"},
				"west": {"uv": [0, 0, 1, 0.5], "rotation": 270, "texture": "#1"},
				"up": {"uv": [0, 0, 0.5, 1.75], "rotation": 270, "texture": "#1"},
				"down": {"uv": [0, 0, 0.5, 1.75], "rotation": 270, "texture": "#1"}
			}
		},
		{
			"from": [15.25, -6.5, -0.5],
			"to": [16.25, -0.5, 0],
			"rotation": {"angle": 0, "axis": "y", "origin": [14, -3.5, 0]},
			"faces": {
				"north": {"uv": [0, 0, 1, 6], "texture": "#1"},
				"east": {"uv": [0, 0, 0.5, 6], "texture": "#1"},
				"south": {"uv": [0, 0, 1, 6], "texture": "#1"},
				"west": {"uv": [0, 0, 0.5, 6], "texture": "#1"},
				"up": {"uv": [0, 0, 1, 0.5], "texture": "#1"},
				"down": {"uv": [0, 0, 1, 0.5], "texture": "#1"}
			}
		},
		{
			"from": [13.5, -3.75, -0.5],
			"to": [15.25, -2.75, 0],
			"rotation": {"angle": 0, "axis": "z", "origin": [14, -3.5, 0]},
			"faces": {
				"north": {"uv": [0, 0, 1, 1.75], "rotation": 90, "texture": "#1"},
				"east": {"uv": [0, 0, 1, 0.5], "rotation": 270, "texture": "#1"},
				"south": {"uv": [0, 0, 1, 1.75], "rotation": 270, "texture": "#1"},
				"west": {"uv": [0, 0, 1, 0.5], "rotation": 270, "texture": "#1"},
				"up": {"uv": [0, 0, 0.5, 1.75], "rotation": 270, "texture": "#1"},
				"down": {"uv": [0, 0, 0.5, 1.75], "rotation": 270, "texture": "#1"}
			}
		},
		{
			"from": [13.75, -6.40625, -0.5],
			"to": [14.75, -2.90625, 0],
			"rotation": {"angle": -22.5, "axis": "z", "origin": [14, -3.5, 0]},
			"faces": {
				"north": {"uv": [0, 0, 1, 3.5], "rotation": 180, "texture": "#1"},
				"east": {"uv": [0, 0, 0.5, 3.5], "rotation": 180, "texture": "#1"},
				"south": {"uv": [0, 0, 1, 3.5], "rotation": 180, "texture": "#1"},
				"west": {"uv": [0, 0, 0.5, 3.5], "rotation": 180, "texture": "#1"},
				"up": {"uv": [0, 0, 1, 0.5], "rotation": 180, "texture": "#1"},
				"down": {"uv": [0, 0, 1, 0.5], "rotation": 180, "texture": "#1"}
			}
		},
		{
			"from": [6.75, -6, -0.5],
			"to": [7.75, -1, 0],
			"rotation": {"angle": 0, "axis": "z", "origin": [14.5, -3.5, 0]},
			"faces": {
				"north": {"uv": [0, 0, 1, 5], "texture": "#1"},
				"east": {"uv": [0, 0, 0.5, 5], "texture": "#1"},
				"south": {"uv": [0, 0, 1, 5], "texture": "#1"},
				"west": {"uv": [0, 0, 0.5, 5], "texture": "#1"},
				"up": {"uv": [0, 0, 1, 0.5], "texture": "#1"},
				"down": {"uv": [0, 0, 1, 0.5], "texture": "#1"}
			}
		},
		{
			"from": [5.5, -1.5, -0.5],
			"to": [7.25, -0.5, 0],
			"rotation": {"angle": 0, "axis": "z", "origin": [14.5, -3.5, 0]},
			"faces": {
				"north": {"uv": [0, 0, 1, 1.75], "rotation": 270, "texture": "#1"},
				"east": {"uv": [0, 0, 1, 0.5], "rotation": 90, "texture": "#1"},
				"south": {"uv": [0, 0, 1, 1.75], "rotation": 90, "texture": "#1"},
				"west": {"uv": [0, 0, 1, 0.5], "rotation": 90, "texture": "#1"},
				"up": {"uv": [0, 0, 0.5, 1.75], "rotation": 90, "texture": "#1"},
				"down": {"uv": [0, 0, 0.5, 1.75], "rotation": 90, "texture": "#1"}
			}
		},
		{
			"from": [5, -2.5, -0.5],
			"to": [6, -1, 0],
			"rotation": {"angle": 0, "axis": "z", "origin": [14.5, -3.5, 0]},
			"faces": {
				"north": {"uv": [0, 0, 1, 1.5], "texture": "#1"},
				"east": {"uv": [0, 0, 0.5, 1.5], "texture": "#1"},
				"south": {"uv": [0, 0, 1, 1.5], "texture": "#1"},
				"west": {"uv": [0, 0, 0.5, 1.5], "texture": "#1"},
				"up": {"uv": [0, 0, 1, 0.5], "texture": "#1"},
				"down": {"uv": [0, 0, 1, 0.5], "texture": "#1"}
			}
		},
		{
			"from": [5, -6, -0.5],
			"to": [6, -4.5, 0],
			"rotation": {"angle": 0, "axis": "z", "origin": [14.5, -3.5, 0]},
			"faces": {
				"north": {"uv": [0, 0, 1, 1.5], "texture": "#1"},
				"east": {"uv": [0, 0, 0.5, 1.5], "texture": "#1"},
				"south": {"uv": [0, 0, 1, 1.5], "texture": "#1"},
				"west": {"uv": [0, 0, 0.5, 1.5], "texture": "#1"},
				"up": {"uv": [0, 0, 1, 0.5], "texture": "#1"},
				"down": {"uv": [0, 0, 1, 0.5], "texture": "#1"}
			}
		},
		{
			"from": [5.5, -6.5, -0.5],
			"to": [7.25, -5.5, 0],
			"rotation": {"angle": 0, "axis": "z", "origin": [14.5, -3.5, 0]},
			"faces": {
				"north": {"uv": [0, 0, 1, 1.75], "rotation": 270, "texture": "#1"},
				"east": {"uv": [0, 0, 1, 0.5], "rotation": 90, "texture": "#1"},
				"south": {"uv": [0, 0, 1, 1.75], "rotation": 90, "texture": "#1"},
				"west": {"uv": [0, 0, 1, 0.5], "rotation": 90, "texture": "#1"},
				"up": {"uv": [0, 0, 0.5, 1.75], "rotation": 90, "texture": "#1"},
				"down": {"uv": [0, 0, 0.5, 1.75], "rotation": 90, "texture": "#1"}
			}
		},
		{
			"from": [3, -6.5, -0.5],
			"to": [4, -0.5, 0],
			"rotation": {"angle": 0, "axis": "z", "origin": [13, -3.5, 0]},
			"faces": {
				"north": {"uv": [0, 0, 1, 6], "texture": "#1"},
				"east": {"uv": [0, 0, 0.5, 6], "texture": "#1"},
				"south": {"uv": [0, 0, 1, 6], "texture": "#1"},
				"west": {"uv": [0, 0, 0.5, 6], "texture": "#1"},
				"up": {"uv": [0, 0, 1, 0.5], "texture": "#1"},
				"down": {"uv": [0, 0, 1, 0.5], "texture": "#1"}
			}
		},
		{
			"from": [1.65625, -3.75, -0.5],
			"to": [3, -2.75, 0],
			"rotation": {"angle": 0, "axis": "z", "origin": [1, -3.5, 0]},
			"faces": {
				"north": {"uv": [0, 0, 1, 1.34375], "rotation": 90, "texture": "#1"},
				"east": {"uv": [0, 0, 1, 0.5], "rotation": 270, "texture": "#1"},
				"south": {"uv": [0, 0, 1, 1.34375], "rotation": 270, "texture": "#1"},
				"west": {"uv": [0, 0, 1, 0.5], "rotation": 270, "texture": "#1"},
				"up": {"uv": [0, 0, 0.5, 1.34375], "rotation": 270, "texture": "#1"},
				"down": {"uv": [0, 0, 0.5, 1.34375], "rotation": 270, "texture": "#1"}
			}
		},
		{
			"from": [1.98676, -2.95568, -0.5],
			"to": [2.98676, -0.45568, 0],
			"rotation": {"angle": 22.5, "axis": "z", "origin": [2.5, -3.5, 0]},
			"faces": {
				"north": {"uv": [0, 0, 1, 2.5], "texture": "#1"},
				"east": {"uv": [0, 0, 0.5, 2.5], "texture": "#1"},
				"south": {"uv": [0, 0, 1, 2.5], "texture": "#1"},
				"west": {"uv": [0, 0, 0.5, 2.5], "texture": "#1"},
				"up": {"uv": [0, 0, 1, 0.5], "texture": "#1"},
				"down": {"uv": [0, 0, 1, 0.5], "texture": "#1"}
			}
		},
		{
			"from": [2.25, -10.75, -0.5],
			"to": [3.25, -7.25, 0],
			"rotation": {"angle": -22.5, "axis": "z", "origin": [13, -3.5, 0]},
			"faces": {
				"north": {"uv": [0, 0, 1, 3.5], "rotation": 180, "texture": "#1"},
				"east": {"uv": [0, 0, 0.5, 3.5], "rotation": 180, "texture": "#1"},
				"south": {"uv": [0, 0, 1, 3.5], "rotation": 180, "texture": "#1"},
				"west": {"uv": [0, 0, 0.5, 3.5], "rotation": 180, "texture": "#1"},
				"up": {"uv": [0, 0, 1, 0.5], "rotation": 180, "texture": "#1"},
				"down": {"uv": [0, 0, 1, 0.5], "rotation": 180, "texture": "#1"}
			}
		},
		{
			"from": [-5.84375, -1.5, -0.5],
			"to": [-2.75, -0.5, 0],
			"rotation": {"angle": 0, "axis": "z", "origin": [2.5, -3.5, 0]},
			"faces": {
				"north": {"uv": [0, 0, 1, 3.09375], "rotation": 90, "texture": "#1"},
				"east": {"uv": [0, 0, 1, 0.5], "rotation": 270, "texture": "#1"},
				"south": {"uv": [0, 0, 1, 3.09375], "rotation": 270, "texture": "#1"},
				"west": {"uv": [0, 0, 1, 0.5], "rotation": 270, "texture": "#1"},
				"up": {"uv": [0, 0, 0.5, 3.09375], "rotation": 270, "texture": "#1"},
				"down": {"uv": [0, 0, 0.5, 3.09375], "rotation": 270, "texture": "#1"}
			}
		},
		{
			"from": [-4.75, -6.5, -0.5],
			"to": [-3.75, -1.5, 0],
			"rotation": {"angle": 0, "axis": "z", "origin": [14.5, -3.5, 0]},
			"faces": {
				"north": {"uv": [0, 0, 1, 5], "texture": "#1"},
				"east": {"uv": [0, 0, 0.5, 5], "texture": "#1"},
				"south": {"uv": [0, 0, 1, 5], "texture": "#1"},
				"west": {"uv": [0, 0, 0.5, 5], "texture": "#1"},
				"up": {"uv": [0, 0, 1, 0.5], "texture": "#1"},
				"down": {"uv": [0, 0, 1, 0.5], "texture": "#1"}
			}
		},
		{
			"from": [-1.6875, -6.5, -0.5],
			"to": [-0.6875, -0.5, 0],
			"rotation": {"angle": 0, "axis": "z", "origin": [14.5, -3.5, 0]},
			"faces": {
				"north": {"uv": [0, 0, 1, 6], "texture": "#1"},
				"east": {"uv": [0, 0, 0.5, 6], "texture": "#1"},
				"south": {"uv": [0, 0, 1, 6], "texture": "#1"},
				"west": {"uv": [0, 0, 0.5, 6], "texture": "#1"},
				"up": {"uv": [0, 0, 1, 0.5], "texture": "#1"},
				"down": {"uv": [0, 0, 1, 0.5], "texture": "#1"}
			}
		},
		{
			"from": [15, 1.125, -0.5],
			"to": [16, 1.5, 0],
			"rotation": {"angle": 0, "axis": "z", "origin": [14, 3.25, 0]},
			"faces": {
				"north": {"uv": [0, 0, 0.375, 1], "rotation": 90, "texture": "#2"},
				"east": {"uv": [0, 0, 0.375, 0.5], "rotation": 270, "texture": "#2"},
				"south": {"uv": [0, 0, 0.375, 1], "rotation": 270, "texture": "#2"},
				"west": {"uv": [0, 0, 0.375, 0.5], "rotation": 270, "texture": "#2"},
				"up": {"uv": [0, 0, 0.5, 1], "rotation": 270, "texture": "#2"},
				"down": {"uv": [0, 0, 0.5, 1], "rotation": 270, "texture": "#2"}
			}
		},
		{
			"from": [15.875, 0.125, -0.5],
			"to": [16.25, 2.375, 0],
			"rotation": {"angle": 0, "axis": "z", "origin": [14, 3.25, 0]},
			"faces": {
				"north": {"uv": [0, 0, 0.375, 2.25], "texture": "#2"},
				"east": {"uv": [0, 0, 0.5, 2.25], "texture": "#2"},
				"south": {"uv": [0, 0, 0.375, 2.25], "texture": "#2"},
				"west": {"uv": [0, 0, 0.5, 2.25], "texture": "#2"},
				"up": {"uv": [0, 0, 0.375, 0.5], "texture": "#2"},
				"down": {"uv": [0, 0, 0.375, 0.5], "texture": "#2"}
			}
		},
		{
			"from": [14.625, 0.125, -0.5],
			"to": [15, 2.375, 0],
			"rotation": {"angle": 0, "axis": "z", "origin": [14, 3.25, 0]},
			"faces": {
				"north": {"uv": [0, 0, 0.375, 2.25], "texture": "#2"},
				"east": {"uv": [0, 0, 0.5, 2.25], "texture": "#2"},
				"south": {"uv": [0, 0, 0.375, 2.25], "texture": "#2"},
				"west": {"uv": [0, 0, 0.5, 2.25], "texture": "#2"},
				"up": {"uv": [0, 0, 0.375, 0.5], "texture": "#2"},
				"down": {"uv": [0, 0, 0.375, 0.5], "texture": "#2"}
			}
		},
		{
			"from": [11.875, 0.125, -0.5],
			"to": [12.25, 2.375, 0],
			"rotation": {"angle": 0, "axis": "z", "origin": [14, 3.25, 0]},
			"faces": {
				"north": {"uv": [0, 0, 0.375, 2.25], "texture": "#2"},
				"east": {"uv": [0, 0, 0.5, 2.25], "texture": "#2"},
				"south": {"uv": [0, 0, 0.375, 2.25], "texture": "#2"},
				"west": {"uv": [0, 0, 0.5, 2.25], "texture": "#2"},
				"up": {"uv": [0, 0, 0.375, 0.5], "texture": "#2"},
				"down": {"uv": [0, 0, 0.375, 0.5], "texture": "#2"}
			}
		},
		{
			"from": [11, 0.125, -0.5],
			"to": [12, 0.5, 0],
			"rotation": {"angle": 0, "axis": "z", "origin": [14, 3.25, 0]},
			"faces": {
				"north": {"uv": [0, 0, 0.375, 1], "rotation": 90, "texture": "#2"},
				"east": {"uv": [0, 0, 0.375, 0.5], "rotation": 270, "texture": "#2"},
				"south": {"uv": [0, 0, 0.375, 1], "rotation": 270, "texture": "#2"},
				"west": {"uv": [0, 0, 0.375, 0.5], "rotation": 270, "texture": "#2"},
				"up": {"uv": [0, 0, 0.5, 1], "rotation": 270, "texture": "#2"},
				"down": {"uv": [0, 0, 0.5, 1], "rotation": 270, "texture": "#2"}
			}
		},
		{
			"from": [9.5, 0.125, -0.5],
			"to": [10.5, 0.5, 0],
			"rotation": {"angle": 0, "axis": "z", "origin": [14, 3.25, 0]},
			"faces": {
				"north": {"uv": [0, 0, 0.375, 1], "rotation": 90, "texture": "#2"},
				"east": {"uv": [0, 0, 0.375, 0.5], "rotation": 270, "texture": "#2"},
				"south": {"uv": [0, 0, 0.375, 1], "rotation": 270, "texture": "#2"},
				"west": {"uv": [0, 0, 0.375, 0.5], "rotation": 270, "texture": "#2"},
				"up": {"uv": [0, 0, 0.5, 1], "rotation": 270, "texture": "#2"},
				"down": {"uv": [0, 0, 0.5, 1], "rotation": 270, "texture": "#2"}
			}
		},
		{
			"from": [10.375, 0.125, -0.5],
			"to": [10.75, 2.375, 0],
			"rotation": {"angle": 0, "axis": "z", "origin": [14, 3.25, 0]},
			"faces": {
				"north": {"uv": [0, 0, 0.375, 2.25], "texture": "#2"},
				"east": {"uv": [0, 0, 0.5, 2.25], "texture": "#2"},
				"south": {"uv": [0, 0, 0.375, 2.25], "texture": "#2"},
				"west": {"uv": [0, 0, 0.5, 2.25], "texture": "#2"},
				"up": {"uv": [0, 0, 0.375, 0.5], "texture": "#2"},
				"down": {"uv": [0, 0, 0.375, 0.5], "texture": "#2"}
			}
		},
		{
			"from": [6.96875, 0.375, -0.5],
			"to": [7.34375, 1.375, 0],
			"rotation": {"angle": 0, "axis": "z", "origin": [14, 3.25, 0]},
			"faces": {
				"north": {"uv": [0, 0, 0.375, 1], "texture": "#2"},
				"east": {"uv": [0, 0, 0.5, 1], "texture": "#2"},
				"south": {"uv": [0, 0, 0.375, 1], "texture": "#2"},
				"west": {"uv": [0, 0, 0.5, 1], "texture": "#2"},
				"up": {"uv": [0, 0, 0.375, 0.5], "texture": "#2"},
				"down": {"uv": [0, 0, 0.375, 0.5], "texture": "#2"}
			}
		},
		{
			"from": [6.46875, 0.125, -0.5],
			"to": [7.17578, 0.46875, 0],
			"rotation": {"angle": 0, "axis": "z", "origin": [14, 3.25, 0]},
			"faces": {
				"north": {"uv": [0, 0, 0.70703, 0.34375], "texture": "#2"},
				"east": {"uv": [0, 0, 0.5, 0.34375], "texture": "#2"},
				"south": {"uv": [0, 0, 0.70703, 0.34375], "texture": "#2"},
				"west": {"uv": [0, 0, 0.5, 0.34375], "texture": "#2"},
				"up": {"uv": [0, 0, 0.70703, 0.5], "texture": "#2"},
				"down": {"uv": [0, 0, 0.70703, 0.5], "texture": "#2"}
			}
		},
		{
			"from": [7.21875, 1.125, -0.5],
			"to": [7.59375, 2.375, 0],
			"rotation": {"angle": 0, "axis": "z", "origin": [14, 3.25, 0]},
			"faces": {
				"north": {"uv": [0, 0, 0.375, 1.25], "texture": "#2"},
				"east": {"uv": [0, 0, 0.5, 1.25], "texture": "#2"},
				"south": {"uv": [0, 0, 0.375, 1.25], "texture": "#2"},
				"west": {"uv": [0, 0, 0.5, 1.25], "texture": "#2"},
				"up": {"uv": [0, 0, 0.375, 0.5], "texture": "#2"},
				"down": {"uv": [0, 0, 0.375, 0.5], "texture": "#2"}
			}
		},
		{
			"from": [4.90625, 1.125, -0.5],
			"to": [5.28125, 2.375, 0],
			"rotation": {"angle": 0, "axis": "z", "origin": [2, 3.25, 0]},
			"faces": {
				"north": {"uv": [0.375, 0, 0.75, 1.25], "texture": "#2"},
				"east": {"uv": [0.5, 0, 1, 1.25], "texture": "#2"},
				"south": {"uv": [0.375, 0, 0.75, 1.25], "texture": "#2"},
				"west": {"uv": [0.5, 0, 1, 1.25], "texture": "#2"},
				"up": {"uv": [0.375, 0, 0.75, 0.5], "texture": "#2"},
				"down": {"uv": [0.375, 0, 0.75, 0.5], "texture": "#2"}
			}
		},
		{
			"from": [5.15625, 0.375, -0.5],
			"to": [5.53125, 1.375, 0],
			"rotation": {"angle": 0, "axis": "z", "origin": [2, 3.25, 0]},
			"faces": {
				"north": {"uv": [0.375, 0, 0.75, 1], "texture": "#2"},
				"east": {"uv": [0.5, 0, 1, 1], "texture": "#2"},
				"south": {"uv": [0.375, 0, 0.75, 1], "texture": "#2"},
				"west": {"uv": [0.5, 0, 1, 1], "texture": "#2"},
				"up": {"uv": [0.375, 0, 0.75, 0.5], "texture": "#2"},
				"down": {"uv": [0.375, 0, 0.75, 0.5], "texture": "#2"}
			}
		},
		{
			"from": [5.32422, 0.125, -0.5],
			"to": [6.03125, 0.46875, 0],
			"rotation": {"angle": 0, "axis": "z", "origin": [2, 3.25, 0]},
			"faces": {
				"north": {"uv": [0.61328, 0, 1.32031, 0.34375], "texture": "#2"},
				"east": {"uv": [0.5, 0, 1, 0.34375], "texture": "#2"},
				"south": {"uv": [0.61328, 0, 1.32031, 0.34375], "texture": "#2"},
				"west": {"uv": [0.5, 0, 1, 0.34375], "texture": "#2"},
				"up": {"uv": [0.61328, 0, 1.32031, 0.5], "texture": "#2"},
				"down": {"uv": [0.61328, 0, 1.32031, 0.5], "texture": "#2"}
			}
		},
		{
			"from": [6.0625, 1.125, -0.5],
			"to": [6.4375, 2.375, 0],
			"rotation": {"angle": 0, "axis": "z", "origin": [2, 3.25, 0]},
			"faces": {
				"north": {"uv": [0.375, 0, 0.75, 1.25], "texture": "#2"},
				"east": {"uv": [0.5, 0, 1, 1.25], "texture": "#2"},
				"south": {"uv": [0.375, 0, 0.75, 1.25], "texture": "#2"},
				"west": {"uv": [0.5, 0, 1, 1.25], "texture": "#2"},
				"up": {"uv": [0.375, 0, 0.75, 0.5], "texture": "#2"},
				"down": {"uv": [0.375, 0, 0.75, 0.5], "texture": "#2"}
			}
		},
		{
			"from": [6.3125, 0.375, -0.5],
			"to": [6.6875, 1.375, 0],
			"rotation": {"angle": 0, "axis": "z", "origin": [2, 3.25, 0]},
			"faces": {
				"north": {"uv": [0.375, 0, 0.75, 1], "texture": "#2"},
				"east": {"uv": [0.5, 0, 1, 1], "texture": "#2"},
				"south": {"uv": [0.375, 0, 0.75, 1], "texture": "#2"},
				"west": {"uv": [0.5, 0, 1, 1], "texture": "#2"},
				"up": {"uv": [0.375, 0, 0.75, 0.5], "texture": "#2"},
				"down": {"uv": [0.375, 0, 0.75, 0.5], "texture": "#2"}
			}
		},
		{
			"from": [5.8125, 0.375, -0.5],
			"to": [6.1875, 1.375, 0],
			"rotation": {"angle": 0, "axis": "z", "origin": [2, 3.25, 0]},
			"faces": {
				"north": {"uv": [0.375, 0, 0.75, 1], "texture": "#2"},
				"east": {"uv": [0.5, 0, 1, 1], "texture": "#2"},
				"south": {"uv": [0.375, 0, 0.75, 1], "texture": "#2"},
				"west": {"uv": [0.5, 0, 1, 1], "texture": "#2"},
				"up": {"uv": [0.375, 0, 0.75, 0.5], "texture": "#2"},
				"down": {"uv": [0.375, 0, 0.75, 0.5], "texture": "#2"}
			}
		},
		{
			"from": [8.53125, 0.125, -0.5],
			"to": [8.90625, 1.125, 0],
			"rotation": {"angle": 0, "axis": "z", "origin": [8.65625, 0.75, 0]},
			"faces": {
				"north": {"uv": [0, 0, 0.375, 1], "texture": "#2"},
				"east": {"uv": [0, 0, 0.5, 1], "texture": "#2"},
				"south": {"uv": [0, 0, 0.375, 1], "texture": "#2"},
				"west": {"uv": [0, 0, 0.5, 1], "texture": "#2"},
				"up": {"uv": [0, 0, 0.375, 0.5], "texture": "#2"},
				"down": {"uv": [0, 0, 0.375, 0.5], "texture": "#2"}
			}
		},
		{
			"from": [8.53125, 0.90625, -0.5],
			"to": [8.90625, 2.40625, 0],
			"rotation": {"angle": 22.5, "axis": "z", "origin": [8.65625, 0.75, 0]},
			"faces": {
				"north": {"uv": [0, 0, 0.375, 1.5], "texture": "#2"},
				"east": {"uv": [0, 0, 0.5, 1.5], "texture": "#2"},
				"south": {"uv": [0, 0, 0.375, 1.5], "texture": "#2"},
				"west": {"uv": [0, 0, 0.5, 1.5], "texture": "#2"},
				"up": {"uv": [0, 0, 0.375, 0.5], "texture": "#2"},
				"down": {"uv": [0, 0, 0.375, 0.5], "texture": "#2"}
			}
		},
		{
			"from": [8.53125, 0.96875, -0.5],
			"to": [8.90625, 2.46875, 0],
			"rotation": {"angle": -22.5, "axis": "z", "origin": [8.65625, 0.75, 0]},
			"faces": {
				"north": {"uv": [0, 0, 0.375, 1.5], "texture": "#2"},
				"east": {"uv": [0, 0, 0.5, 1.5], "texture": "#2"},
				"south": {"uv": [0, 0, 0.375, 1.5], "texture": "#2"},
				"west": {"uv": [0, 0, 0.5, 1.5], "texture": "#2"},
				"up": {"uv": [0, 0, 0.375, 0.5], "texture": "#2"},
				"down": {"uv": [0, 0, 0.375, 0.5], "texture": "#2"}
			}
		},
		{
			"from": [13.875, 0.28125, -0.5],
			"to": [14.25, 2.1875, 0],
			"rotation": {"angle": 0, "axis": "z", "origin": [14, 3.25, 0]},
			"faces": {
				"north": {"uv": [0, 0, 0.375, 1.90625], "texture": "#2"},
				"east": {"uv": [0, 0, 0.5, 1.90625], "texture": "#2"},
				"south": {"uv": [0, 0, 0.375, 1.90625], "texture": "#2"},
				"west": {"uv": [0, 0, 0.5, 1.90625], "texture": "#2"},
				"up": {"uv": [0, 0, 0.375, 0.5], "texture": "#2"},
				"down": {"uv": [0, 0, 0.375, 0.5], "texture": "#2"}
			}
		},
		{
			"from": [12.84375, 2, -0.5],
			"to": [14, 2.375, 0],
			"rotation": {"angle": 0, "axis": "z", "origin": [14, 3.25, 0]},
			"faces": {
				"north": {"uv": [0, 0, 0.375, 1.15625], "rotation": 90, "texture": "#2"},
				"east": {"uv": [0, 0, 0.375, 0.5], "rotation": 270, "texture": "#2"},
				"south": {"uv": [0, 0, 0.375, 1.15625], "rotation": 270, "texture": "#2"},
				"west": {"uv": [0, 0, 0.375, 0.5], "rotation": 270, "texture": "#2"},
				"up": {"uv": [0, 0, 0.5, 1.15625], "rotation": 270, "texture": "#2"},
				"down": {"uv": [0, 0, 0.5, 1.15625], "rotation": 270, "texture": "#2"}
			}
		},
		{
			"from": [12.84375, 0.125, -0.5],
			"to": [14, 0.5, 0],
			"rotation": {"angle": 0, "axis": "z", "origin": [14, 3.25, 0]},
			"faces": {
				"north": {"uv": [0, 0, 0.375, 1.15625], "rotation": 90, "texture": "#2"},
				"east": {"uv": [0, 0, 0.375, 0.5], "rotation": 270, "texture": "#2"},
				"south": {"uv": [0, 0, 0.375, 1.15625], "rotation": 270, "texture": "#2"},
				"west": {"uv": [0, 0, 0.375, 0.5], "rotation": 270, "texture": "#2"},
				"up": {"uv": [0, 0, 0.5, 1.15625], "rotation": 270, "texture": "#2"},
				"down": {"uv": [0, 0, 0.5, 1.15625], "rotation": 270, "texture": "#2"}
			}
		},
		{
			"from": [12.625, 0.28125, -0.5],
			"to": [13, 2.1875, 0],
			"rotation": {"angle": 0, "axis": "z", "origin": [14, 3.25, 0]},
			"faces": {
				"north": {"uv": [0, 0, 0.375, 1.90625], "texture": "#2"},
				"east": {"uv": [0, 0, 0.5, 1.90625], "texture": "#2"},
				"south": {"uv": [0, 0, 0.375, 1.90625], "texture": "#2"},
				"west": {"uv": [0, 0, 0.5, 1.90625], "texture": "#2"},
				"up": {"uv": [0, 0, 0.375, 0.5], "texture": "#2"},
				"down": {"uv": [0, 0, 0.375, 0.5], "texture": "#2"}
			}
		},
		{
			"from": [3.875, 0.28125, -0.5],
			"to": [4.25, 2.1875, 0],
			"rotation": {"angle": 0, "axis": "z", "origin": [14, 3.25, 0]},
			"faces": {
				"north": {"uv": [0, 0, 0.375, 1.90625], "texture": "#2"},
				"east": {"uv": [0, 0, 0.5, 1.90625], "texture": "#2"},
				"south": {"uv": [0, 0, 0.375, 1.90625], "texture": "#2"},
				"west": {"uv": [0, 0, 0.5, 1.90625], "texture": "#2"},
				"up": {"uv": [0, 0, 0.375, 0.5], "texture": "#2"},
				"down": {"uv": [0, 0, 0.375, 0.5], "texture": "#2"}
			}
		},
		{
			"from": [3.09375, 2, -0.5],
			"to": [4, 2.375, 0],
			"rotation": {"angle": 0, "axis": "z", "origin": [14, 3.25, 0]},
			"faces": {
				"north": {"uv": [0, 0, 0.375, 0.90625], "rotation": 90, "texture": "#2"},
				"east": {"uv": [0, 0, 0.375, 0.5], "rotation": 270, "texture": "#2"},
				"south": {"uv": [0, 0, 0.375, 0.90625], "rotation": 270, "texture": "#2"},
				"west": {"uv": [0, 0, 0.375, 0.5], "rotation": 270, "texture": "#2"},
				"up": {"uv": [0, 0, 0.5, 0.90625], "rotation": 270, "texture": "#2"},
				"down": {"uv": [0, 0, 0.5, 0.90625], "rotation": 270, "texture": "#2"}
			}
		},
		{
			"from": [2.875, 0.28125, -0.5],
			"to": [3.25, 2.1875, 0],
			"rotation": {"angle": 0, "axis": "z", "origin": [14, 3.25, 0]},
			"faces": {
				"north": {"uv": [0, 0, 0.375, 1.90625], "texture": "#2"},
				"east": {"uv": [0, 0, 0.5, 1.90625], "texture": "#2"},
				"south": {"uv": [0, 0, 0.375, 1.90625], "texture": "#2"},
				"west": {"uv": [0, 0, 0.5, 1.90625], "texture": "#2"},
				"up": {"uv": [0, 0, 0.375, 0.5], "texture": "#2"},
				"down": {"uv": [0, 0, 0.375, 0.5], "texture": "#2"}
			}
		},
		{
			"from": [3.09375, 0.125, -0.5],
			"to": [4, 0.5, 0],
			"rotation": {"angle": 0, "axis": "z", "origin": [14, 3.25, 0]},
			"faces": {
				"north": {"uv": [0, 0, 0.375, 0.90625], "rotation": 90, "texture": "#2"},
				"east": {"uv": [0, 0, 0.375, 0.5], "rotation": 270, "texture": "#2"},
				"south": {"uv": [0, 0, 0.375, 0.90625], "rotation": 270, "texture": "#2"},
				"west": {"uv": [0, 0, 0.375, 0.5], "rotation": 270, "texture": "#2"},
				"up": {"uv": [0, 0, 0.5, 0.90625], "rotation": 270, "texture": "#2"},
				"down": {"uv": [0, 0, 0.5, 0.90625], "rotation": 270, "texture": "#2"}
			}
		},
		{
			"from": [1.875, 0.28125, -0.5],
			"to": [2.25, 2.1875, 0],
			"rotation": {"angle": 0, "axis": "z", "origin": [14, 3.25, 0]},
			"faces": {
				"north": {"uv": [0, 0, 0.375, 1.90625], "texture": "#2"},
				"east": {"uv": [0, 0, 0.5, 1.90625], "texture": "#2"},
				"south": {"uv": [0, 0, 0.375, 1.90625], "texture": "#2"},
				"west": {"uv": [0, 0, 0.5, 1.90625], "texture": "#2"},
				"up": {"uv": [0, 0, 0.375, 0.5], "texture": "#2"},
				"down": {"uv": [0, 0, 0.375, 0.5], "texture": "#2"}
			}
		},
		{
			"from": [1.09375, 2, -0.5],
			"to": [2, 2.375, 0],
			"rotation": {"angle": 0, "axis": "z", "origin": [14, 3.25, 0]},
			"faces": {
				"north": {"uv": [0, 0, 0.375, 0.90625], "rotation": 90, "texture": "#2"},
				"east": {"uv": [0, 0, 0.375, 0.5], "rotation": 270, "texture": "#2"},
				"south": {"uv": [0, 0, 0.375, 0.90625], "rotation": 270, "texture": "#2"},
				"west": {"uv": [0, 0, 0.375, 0.5], "rotation": 270, "texture": "#2"},
				"up": {"uv": [0, 0, 0.5, 0.90625], "rotation": 270, "texture": "#2"},
				"down": {"uv": [0, 0, 0.5, 0.90625], "rotation": 270, "texture": "#2"}
			}
		},
		{
			"from": [0.875, 0.28125, -0.5],
			"to": [1.25, 2.1875, 0],
			"rotation": {"angle": 0, "axis": "z", "origin": [14, 3.25, 0]},
			"faces": {
				"north": {"uv": [0, 0, 0.375, 1.90625], "texture": "#2"},
				"east": {"uv": [0, 0, 0.5, 1.90625], "texture": "#2"},
				"south": {"uv": [0, 0, 0.375, 1.90625], "texture": "#2"},
				"west": {"uv": [0, 0, 0.5, 1.90625], "texture": "#2"},
				"up": {"uv": [0, 0, 0.375, 0.5], "texture": "#2"},
				"down": {"uv": [0, 0, 0.375, 0.5], "texture": "#2"}
			}
		},
		{
			"from": [1.09375, 0.125, -0.5],
			"to": [2, 0.5, 0],
			"rotation": {"angle": 0, "axis": "z", "origin": [14, 3.25, 0]},
			"faces": {
				"north": {"uv": [0, 0, 0.375, 0.90625], "rotation": 90, "texture": "#2"},
				"east": {"uv": [0, 0, 0.375, 0.5], "rotation": 270, "texture": "#2"},
				"south": {"uv": [0, 0, 0.375, 0.90625], "rotation": 270, "texture": "#2"},
				"west": {"uv": [0, 0, 0.375, 0.5], "rotation": 270, "texture": "#2"},
				"up": {"uv": [0, 0, 0.5, 0.90625], "rotation": 270, "texture": "#2"},
				"down": {"uv": [0, 0, 0.5, 0.90625], "rotation": 270, "texture": "#2"}
			}
		},
		{
			"from": [0.125, 0.125, -0.5],
			"to": [0.5, 2.375, 0],
			"rotation": {"angle": 0, "axis": "z", "origin": [14, 3.25, 0]},
			"faces": {
				"north": {"uv": [0, 0, 0.375, 2.25], "texture": "#2"},
				"east": {"uv": [0, 0, 0.5, 2.25], "texture": "#2"},
				"south": {"uv": [0, 0, 0.375, 2.25], "texture": "#2"},
				"west": {"uv": [0, 0, 0.5, 2.25], "texture": "#2"},
				"up": {"uv": [0, 0, 0.375, 0.5], "texture": "#2"},
				"down": {"uv": [0, 0, 0.375, 0.5], "texture": "#2"}
			}
		},
		{
			"from": [-0.65625, 2, -0.5],
			"to": [0.25, 2.375, 0],
			"rotation": {"angle": 0, "axis": "z", "origin": [14, 3.25, 0]},
			"faces": {
				"north": {"uv": [0, 0, 0.375, 0.90625], "rotation": 90, "texture": "#2"},
				"east": {"uv": [0, 0, 0.375, 0.5], "rotation": 270, "texture": "#2"},
				"south": {"uv": [0, 0, 0.375, 0.90625], "rotation": 270, "texture": "#2"},
				"west": {"uv": [0, 0, 0.375, 0.5], "rotation": 270, "texture": "#2"},
				"up": {"uv": [0, 0, 0.5, 0.90625], "rotation": 270, "texture": "#2"},
				"down": {"uv": [0, 0, 0.5, 0.90625], "rotation": 270, "texture": "#2"}
			}
		},
		{
			"from": [-0.875, 0.28125, -0.5],
			"to": [-0.5, 2.1875, 0],
			"rotation": {"angle": 0, "axis": "z", "origin": [14, 3.25, 0]},
			"faces": {
				"north": {"uv": [0, 0, 0.375, 1.90625], "texture": "#2"},
				"east": {"uv": [0, 0, 0.5, 1.90625], "texture": "#2"},
				"south": {"uv": [0, 0, 0.375, 1.90625], "texture": "#2"},
				"west": {"uv": [0, 0, 0.5, 1.90625], "texture": "#2"},
				"up": {"uv": [0, 0, 0.375, 0.5], "texture": "#2"},
				"down": {"uv": [0, 0, 0.375, 0.5], "texture": "#2"}
			}
		},
		{
			"from": [-0.65625, 0.125, -0.5],
			"to": [0.25, 0.5, 0],
			"rotation": {"angle": 0, "axis": "z", "origin": [14, 3.25, 0]},
			"faces": {
				"north": {"uv": [0, 0, 0.375, 0.90625], "rotation": 90, "texture": "#2"},
				"east": {"uv": [0, 0, 0.375, 0.5], "rotation": 270, "texture": "#2"},
				"south": {"uv": [0, 0, 0.375, 0.90625], "rotation": 270, "texture": "#2"},
				"west": {"uv": [0, 0, 0.375, 0.5], "rotation": 270, "texture": "#2"},
				"up": {"uv": [0, 0, 0.5, 0.90625], "rotation": 270, "texture": "#2"},
				"down": {"uv": [0, 0, 0.5, 0.90625], "rotation": 270, "texture": "#2"}
			}
		},
		{
			"from": [21, -0.93125, -0.3],
			"to": [21.4, 1.26875, 0.1],
			"rotation": {"angle": 0, "axis": "z", "origin": [20.75, 0.04375, 0.1]},
			"faces": {
				"north": {"uv": [0, 0, 0.5, 2.75], "texture": "#1"},
				"east": {"uv": [0, 0, 0.5, 2.75], "texture": "#1"},
				"south": {"uv": [0, 0, 0.5, 2.75], "texture": "#1"},
				"west": {"uv": [0, 0, 0.5, 2.75], "texture": "#1"},
				"up": {"uv": [0, 0, 0.5, 0.5], "texture": "#1"},
				"down": {"uv": [0, 0, 0.5, 0.5], "texture": "#1"}
			}
		},
		{
			"from": [20.275, 0.86875, -0.3],
			"to": [21.05, 1.26875, 0.1],
			"rotation": {"angle": 0, "axis": "z", "origin": [20.75, 0.04375, 0.1]},
			"faces": {
				"north": {"uv": [0, 0, 0.5, 0.96875], "rotation": 90, "texture": "#1"},
				"east": {"uv": [0, 0, 0.5, 0.5], "rotation": 270, "texture": "#1"},
				"south": {"uv": [0, 0, 0.5, 0.96875], "rotation": 270, "texture": "#1"},
				"west": {"uv": [0, 0, 0.5, 0.5], "rotation": 270, "texture": "#1"},
				"up": {"uv": [0, 0, 0.5, 0.96875], "rotation": 270, "texture": "#1"},
				"down": {"uv": [0, 0, 0.5, 0.96875], "rotation": 270, "texture": "#1"}
			}
		},
		{
			"from": [20.275, 0.06875, -0.3],
			"to": [21.05, 0.46875, 0.1],
			"rotation": {"angle": 0, "axis": "z", "origin": [20.75, 0.04375, 0.1]},
			"faces": {
				"north": {"uv": [0, 0, 0.5, 0.96875], "rotation": 90, "texture": "#1"},
				"east": {"uv": [0, 0, 0.5, 0.5], "rotation": 270, "texture": "#1"},
				"south": {"uv": [0, 0, 0.5, 0.96875], "rotation": 270, "texture": "#1"},
				"west": {"uv": [0, 0, 0.5, 0.5], "rotation": 270, "texture": "#1"},
				"up": {"uv": [0, 0, 0.5, 0.96875], "rotation": 270, "texture": "#1"},
				"down": {"uv": [0, 0, 0.5, 0.96875], "rotation": 270, "texture": "#1"}
			}
		},
		{
			"from": [20.1, 0.29375, -0.3],
			"to": [20.5, 1.06875, 0.1],
			"rotation": {"angle": 0, "axis": "z", "origin": [20.75, 0.04375, 0.1]},
			"faces": {
				"north": {"uv": [0, 0, 0.5, 0.96875], "texture": "#1"},
				"east": {"uv": [0, 0, 0.5, 0.96875], "texture": "#1"},
				"south": {"uv": [0, 0, 0.5, 0.96875], "texture": "#1"},
				"west": {"uv": [0, 0, 0.5, 0.96875], "texture": "#1"},
				"up": {"uv": [0, 0, 0.5, 0.5], "texture": "#1"},
				"down": {"uv": [0, 0, 0.5, 0.5], "texture": "#1"}
			}
		},
		{
			"from": [20.4, -1.03125, -0.3],
			"to": [20.8, 0.16875, 0.1],
			"rotation": {"angle": -22.5, "axis": "z", "origin": [20.75, 0.04375, 0.1]},
			"faces": {
				"north": {"uv": [0, 0, 0.5, 1.5], "texture": "#1"},
				"east": {"uv": [0, 0, 0.5, 1.5], "texture": "#1"},
				"south": {"uv": [0, 0, 0.5, 1.5], "texture": "#1"},
				"west": {"uv": [0, 0, 0.5, 1.5], "texture": "#1"},
				"up": {"uv": [0, 0, 0.5, 0.5], "texture": "#1"},
				"down": {"uv": [0, 0, 0.5, 0.5], "texture": "#1"}
			}
		},
		{
			"from": [19.2, -0.93125, -0.3],
			"to": [19.6, 1.26875, 0.1],
			"rotation": {"angle": 0, "axis": "z", "origin": [20.75, 0.04375, 0.1]},
			"faces": {
				"north": {"uv": [0, 0, 0.5, 2.75], "texture": "#1"},
				"east": {"uv": [0, 0, 0.5, 2.75], "texture": "#1"},
				"south": {"uv": [0, 0, 0.5, 2.75], "texture": "#1"},
				"west": {"uv": [0, 0, 0.5, 2.75], "texture": "#1"},
				"up": {"uv": [0, 0, 0.5, 0.5], "texture": "#1"},
				"down": {"uv": [0, 0, 0.5, 0.5], "texture": "#1"}
			}
		},
		{
			"from": [17.675, 0.86875, -0.3],
			"to": [18.45, 1.26875, 0.1],
			"rotation": {"angle": 0, "axis": "z", "origin": [20.75, 0.04375, 0.1]},
			"faces": {
				"north": {"uv": [0, 0, 0.5, 0.96875], "rotation": 90, "texture": "#1"},
				"east": {"uv": [0, 0, 0.5, 0.5], "rotation": 270, "texture": "#1"},
				"south": {"uv": [0, 0, 0.5, 0.96875], "rotation": 270, "texture": "#1"},
				"west": {"uv": [0, 0, 0.5, 0.5], "rotation": 270, "texture": "#1"},
				"up": {"uv": [0, 0, 0.5, 0.96875], "rotation": 270, "texture": "#1"},
				"down": {"uv": [0, 0, 0.5, 0.96875], "rotation": 270, "texture": "#1"}
			}
		},
		{
			"from": [17.5, 0.29375, -0.3],
			"to": [17.9, 1.06875, 0.1],
			"rotation": {"angle": 0, "axis": "z", "origin": [20.75, 0.04375, 0.1]},
			"faces": {
				"north": {"uv": [0, 0, 0.5, 0.96875], "texture": "#1"},
				"east": {"uv": [0, 0, 0.5, 0.96875], "texture": "#1"},
				"south": {"uv": [0, 0, 0.5, 0.96875], "texture": "#1"},
				"west": {"uv": [0, 0, 0.5, 0.96875], "texture": "#1"},
				"up": {"uv": [0, 0, 0.5, 0.5], "texture": "#1"},
				"down": {"uv": [0, 0, 0.5, 0.5], "texture": "#1"}
			}
		},
		{
			"from": [17.675, 0.06875, -0.3],
			"to": [18.45, 0.46875, 0.1],
			"rotation": {"angle": 0, "axis": "z", "origin": [20.75, 0.04375, 0.1]},
			"faces": {
				"north": {"uv": [0, 0, 0.5, 0.96875], "rotation": 90, "texture": "#1"},
				"east": {"uv": [0, 0, 0.5, 0.5], "rotation": 270, "texture": "#1"},
				"south": {"uv": [0, 0, 0.5, 0.96875], "rotation": 270, "texture": "#1"},
				"west": {"uv": [0, 0, 0.5, 0.5], "rotation": 270, "texture": "#1"},
				"up": {"uv": [0, 0, 0.5, 0.96875], "rotation": 270, "texture": "#1"},
				"down": {"uv": [0, 0, 0.5, 0.96875], "rotation": 270, "texture": "#1"}
			}
		},
		{
			"from": [18.4, -0.93125, -0.3],
			"to": [18.8, 1.26875, 0.1],
			"rotation": {"angle": 0, "axis": "z", "origin": [20.75, 0.04375, 0.1]},
			"faces": {
				"north": {"uv": [0, 0, 0.5, 2.75], "texture": "#1"},
				"east": {"uv": [0, 0, 0.5, 2.75], "texture": "#1"},
				"south": {"uv": [0, 0, 0.5, 2.75], "texture": "#1"},
				"west": {"uv": [0, 0, 0.5, 2.75], "texture": "#1"},
				"up": {"uv": [0, 0, 0.5, 0.5], "texture": "#1"},
				"down": {"uv": [0, 0, 0.5, 0.5], "texture": "#1"}
			}
		},
		{
			"from": [20.6325, -4.24375, -0.2155],
			"to": [21.0165, -2.13175, 0.4185],
			"rotation": {"angle": 0, "axis": "z", "origin": [22.1205, -3.30775, 0.356]},
			"faces": {
				"north": {"uv": [0, 0, 0.5, 2.75], "texture": "#1"},
				"east": {"uv": [0, 0, 0.5, 2.75], "texture": "#1"},
				"south": {"uv": [0, 0, 0.5, 2.75], "texture": "#1"},
				"west": {"uv": [0, 0, 0.5, 2.75], "texture": "#1"},
				"up": {"uv": [0, 0, 0.5, 0.5], "texture": "#1"},
				"down": {"uv": [0, 0, 0.5, 0.5], "texture": "#1"}
			}
		},
		{
			"from": [21.7845, -4.33975, -0.2155],
			"to": [22.1685, -3.18775, 0.4185],
			"rotation": {"angle": -22.5, "axis": "z", "origin": [22.1205, -3.30775, 0.356]},
			"faces": {
				"north": {"uv": [0, 0, 0.5, 1.5], "texture": "#1"},
				"east": {"uv": [0, 0, 0.5, 1.5], "texture": "#1"},
				"south": {"uv": [0, 0, 0.5, 1.5], "texture": "#1"},
				"west": {"uv": [0, 0, 0.5, 1.5], "texture": "#1"},
				"up": {"uv": [0, 0, 0.5, 0.5], "texture": "#1"},
				"down": {"uv": [0, 0, 0.5, 0.5], "texture": "#1"}
			}
		},
		{
			"from": [21.6645, -2.51575, -0.2155],
			"to": [22.4085, -2.13175, 0.4185],
			"rotation": {"angle": 0, "axis": "z", "origin": [22.1205, -3.30775, 0.356]},
			"faces": {
				"north": {"uv": [0, 0, 0.5, 0.96875], "rotation": 90, "texture": "#1"},
				"east": {"uv": [0, 0, 0.5, 0.5], "rotation": 270, "texture": "#1"},
				"south": {"uv": [0, 0, 0.5, 0.96875], "rotation": 270, "texture": "#1"},
				"west": {"uv": [0, 0, 0.5, 0.5], "rotation": 270, "texture": "#1"},
				"up": {"uv": [0, 0, 0.5, 0.96875], "rotation": 270, "texture": "#1"},
				"down": {"uv": [0, 0, 0.5, 0.96875], "rotation": 270, "texture": "#1"}
			}
		},
		{
			"from": [21.4965, -3.06775, -0.2155],
			"to": [21.8805, -2.32375, 0.4185],
			"rotation": {"angle": 0, "axis": "z", "origin": [22.1205, -3.30775, 0.356]},
			"faces": {
				"north": {"uv": [0, 0, 0.5, 0.96875], "texture": "#1"},
				"east": {"uv": [0, 0, 0.5, 0.96875], "texture": "#1"},
				"south": {"uv": [0, 0, 0.5, 0.96875], "texture": "#1"},
				"west": {"uv": [0, 0, 0.5, 0.96875], "texture": "#1"},
				"up": {"uv": [0, 0, 0.5, 0.5], "texture": "#1"},
				"down": {"uv": [0, 0, 0.5, 0.5], "texture": "#1"}
			}
		},
		{
			"from": [21.6645, -3.28375, -0.2155],
			"to": [22.4085, -2.89975, 0.4185],
			"rotation": {"angle": 0, "axis": "z", "origin": [22.1205, -3.30775, 0.356]},
			"faces": {
				"north": {"uv": [0, 0, 0.5, 0.96875], "rotation": 90, "texture": "#1"},
				"east": {"uv": [0, 0, 0.5, 0.5], "rotation": 270, "texture": "#1"},
				"south": {"uv": [0, 0, 0.5, 0.96875], "rotation": 270, "texture": "#1"},
				"west": {"uv": [0, 0, 0.5, 0.5], "rotation": 270, "texture": "#1"},
				"up": {"uv": [0, 0, 0.5, 0.96875], "rotation": 270, "texture": "#1"},
				"down": {"uv": [0, 0, 0.5, 0.96875], "rotation": 270, "texture": "#1"}
			}
		},
		{
			"from": [22.3605, -4.24375, -0.2155],
			"to": [22.7445, -2.13175, 0.4185],
			"rotation": {"angle": 0, "axis": "z", "origin": [22.1205, -3.30775, 0.356]},
			"faces": {
				"north": {"uv": [0, 0, 0.5, 2.75], "texture": "#1"},
				"east": {"uv": [0, 0, 0.5, 2.75], "texture": "#1"},
				"south": {"uv": [0, 0, 0.5, 2.75], "texture": "#1"},
				"west": {"uv": [0, 0, 0.5, 2.75], "texture": "#1"},
				"up": {"uv": [0, 0, 0.5, 0.5], "texture": "#1"},
				"down": {"uv": [0, 0, 0.5, 0.5], "texture": "#1"}
			}
		},
		{
			"from": [19.1685, -4.24375, -0.2155],
			"to": [19.9125, -3.85975, 0.4185],
			"rotation": {"angle": 0, "axis": "z", "origin": [22.1205, -3.30775, 0.356]},
			"faces": {
				"north": {"uv": [0, 0, 0.5, 0.96875], "rotation": 90, "texture": "#1"},
				"east": {"uv": [0, 0, 0.5, 0.5], "rotation": 270, "texture": "#1"},
				"south": {"uv": [0, 0, 0.5, 0.96875], "rotation": 270, "texture": "#1"},
				"west": {"uv": [0, 0, 0.5, 0.5], "rotation": 270, "texture": "#1"},
				"up": {"uv": [0, 0, 0.5, 0.96875], "rotation": 270, "texture": "#1"},
				"down": {"uv": [0, 0, 0.5, 0.96875], "rotation": 270, "texture": "#1"}
			}
		},
		{
			"from": [19.0005, -4.02775, -0.2155],
			"to": [19.3845, -2.32375, 0.4185],
			"rotation": {"angle": 0, "axis": "z", "origin": [22.1205, -3.30775, 0.356]},
			"faces": {
				"north": {"uv": [0, 0, 0.5, 2.21875], "texture": "#1"},
				"east": {"uv": [0, 0, 0.5, 2.21875], "texture": "#1"},
				"south": {"uv": [0, 0, 0.5, 2.21875], "texture": "#1"},
				"west": {"uv": [0, 0, 0.5, 2.21875], "texture": "#1"},
				"up": {"uv": [0, 0, 0.5, 0.5], "texture": "#1"},
				"down": {"uv": [0, 0, 0.5, 0.5], "texture": "#1"}
			}
		},
		{
			"from": [19.1685, -2.51575, -0.2155],
			"to": [19.9125, -2.13175, 0.4185],
			"rotation": {"angle": 0, "axis": "z", "origin": [22.1205, -3.30775, 0.356]},
			"faces": {
				"north": {"uv": [0, 0, 0.5, 0.96875], "rotation": 90, "texture": "#1"},
				"east": {"uv": [0, 0, 0.5, 0.5], "rotation": 270, "texture": "#1"},
				"south": {"uv": [0, 0, 0.5, 0.96875], "rotation": 270, "texture": "#1"},
				"west": {"uv": [0, 0, 0.5, 0.5], "rotation": 270, "texture": "#1"},
				"up": {"uv": [0, 0, 0.5, 0.96875], "rotation": 270, "texture": "#1"},
				"down": {"uv": [0, 0, 0.5, 0.96875], "rotation": 270, "texture": "#1"}
			}
		},
		{
			"from": [19.8645, -4.24375, -0.2155],
			"to": [20.2485, -2.13175, 0.4185],
			"rotation": {"angle": 0, "axis": "z", "origin": [22.1205, -3.30775, 0.356]},
			"faces": {
				"north": {"uv": [0, 0, 0.5, 2.75], "texture": "#1"},
				"east": {"uv": [0, 0, 0.5, 2.75], "texture": "#1"},
				"south": {"uv": [0, 0, 0.5, 2.75], "texture": "#1"},
				"west": {"uv": [0, 0, 0.5, 2.75], "texture": "#1"},
				"up": {"uv": [0, 0, 0.5, 0.5], "texture": "#1"},
				"down": {"uv": [0, 0, 0.5, 0.5], "texture": "#1"}
			}
		},
		{
			"from": [17.6325, -4.24375, -0.2155],
			"to": [18.3765, -3.85975, 0.4185],
			"rotation": {"angle": 0, "axis": "z", "origin": [22.1205, -3.30775, 0.356]},
			"faces": {
				"north": {"uv": [0, 0, 0.5, 0.96875], "rotation": 90, "texture": "#1"},
				"east": {"uv": [0, 0, 0.5, 0.5], "rotation": 270, "texture": "#1"},
				"south": {"uv": [0, 0, 0.5, 0.96875], "rotation": 270, "texture": "#1"},
				"west": {"uv": [0, 0, 0.5, 0.5], "rotation": 270, "texture": "#1"},
				"up": {"uv": [0, 0, 0.5, 0.96875], "rotation": 270, "texture": "#1"},
				"down": {"uv": [0, 0, 0.5, 0.96875], "rotation": 270, "texture": "#1"}
			}
		},
		{
			"from": [17.6325, -2.51575, -0.2155],
			"to": [18.3765, -2.13175, 0.4185],
			"rotation": {"angle": 0, "axis": "z", "origin": [22.1205, -3.30775, 0.356]},
			"faces": {
				"north": {"uv": [0, 0, 0.5, 0.96875], "rotation": 90, "texture": "#1"},
				"east": {"uv": [0, 0, 0.5, 0.5], "rotation": 270, "texture": "#1"},
				"south": {"uv": [0, 0, 0.5, 0.96875], "rotation": 270, "texture": "#1"},
				"west": {"uv": [0, 0, 0.5, 0.5], "rotation": 270, "texture": "#1"},
				"up": {"uv": [0, 0, 0.5, 0.96875], "rotation": 270, "texture": "#1"},
				"down": {"uv": [0, 0, 0.5, 0.96875], "rotation": 270, "texture": "#1"}
			}
		},
		{
			"from": [18.3285, -4.24375, -0.2155],
			"to": [18.7125, -2.13175, 0.4185],
			"rotation": {"angle": 0, "axis": "z", "origin": [22.1205, -3.30775, 0.356]},
			"faces": {
				"north": {"uv": [0, 0, 0.5, 2.75], "texture": "#1"},
				"east": {"uv": [0, 0, 0.5, 2.75], "texture": "#1"},
				"south": {"uv": [0, 0, 0.5, 2.75], "texture": "#1"},
				"west": {"uv": [0, 0, 0.5, 2.75], "texture": "#1"},
				"up": {"uv": [0, 0, 0.5, 0.5], "texture": "#1"},
				"down": {"uv": [0, 0, 0.5, 0.5], "texture": "#1"}
			}
		},
		{
			"from": [17.6325, -3.37975, -0.2155],
			"to": [18.3765, -2.99575, 0.4185],
			"rotation": {"angle": 0, "axis": "z", "origin": [22.1205, -3.30775, 0.356]},
			"faces": {
				"north": {"uv": [0, 0, 0.5, 0.96875], "rotation": 90, "texture": "#1"},
				"east": {"uv": [0, 0, 0.5, 0.5], "rotation": 270, "texture": "#1"},
				"south": {"uv": [0, 0, 0.5, 0.96875], "rotation": 270, "texture": "#1"},
				"west": {"uv": [0, 0, 0.5, 0.5], "rotation": 270, "texture": "#1"},
				"up": {"uv": [0, 0, 0.5, 0.96875], "rotation": 270, "texture": "#1"},
				"down": {"uv": [0, 0, 0.5, 0.96875], "rotation": 270, "texture": "#1"}
			}
		}
	],
	"display": {
		"head": {
			"translation": [0, 23, 29.75],
			"scale": [3.3, 3.3, 3.3]
		}
	},
	"groups": [
		0,
		1,
		2,
		3,
		4,
		5,
		6,
		7,
		8,
		9,
		10,
		11,
		12,
		13,
		14,
		15,
		16,
		17,
		18,
		19,
		20,
		21,
		{
			"name": "group",
			"origin": [14, -3.5, 0],
			"color": 0,
			"children": [22, 23, 24, 25]
		},
		{
			"name": "group",
			"origin": [14, -3.5, 0],
			"color": 0,
			"children": [26, 27, 28, 29, 30]
		},
		{
			"name": "group",
			"origin": [14, -3.5, 0],
			"color": 0,
			"children": [31, 32, 33, 34, 35]
		},
		{
			"name": "group",
			"origin": [14, -3.5, 0],
			"color": 0,
			"children": [36, 37, 38, 39]
		},
		{
			"name": "group",
			"origin": [14, -3.5, 0],
			"color": 0,
			"children": [40, 41]
		},
		{
			"name": "group",
			"origin": [14, -3.5, 0],
			"color": 0,
			"children": [42]
		},
		43,
		44,
		45,
		46,
		47,
		48,
		49,
		50,
		51,
		52,
		53,
		54,
		55,
		56,
		57,
		58,
		59,
		60,
		61,
		62,
		63,
		64,
		65,
		66,
		67,
		68,
		69,
		70,
		71,
		72,
		73,
		74,
		75,
		76,
		77,
		{
			"name": "group",
			"origin": [21, 1.54375, 0.1],
			"color": 0,
			"children": [78, 79, 80, 81, 82, 83, 84, 85, 86, 87]
		},
		{
			"name": "group",
			"origin": [22.308, -1.464, 0.356],
			"color": 0,
			"children": [88, 89, 90, 91, 92, 93, 94, 95, 96, 97, 98, 99, 100, 101]
		}
	]
}