{
	"credit": "Made with Blockbench",
	"textures": {
		"0": "block/red_concrete",
		"1": "block/andesite",
		"3": "block/stripped_birch_log",
		"5": "block/glow_item_frame",
		"6": "block/red_shulker_box",
		"particle": "block/red_concrete"
	},
	"elements": [
		{
			"from": [11, 0, 6.8],
			"to": [21.2, 1.8, 23.6],
			"rotation": {"angle": 0, "axis": "y", "origin": [-11.2, 0, -11.2]},
			"faces": {
				"north": {"uv": [0, 0, 5.5, 0.75], "texture": "#0"},
				"east": {"uv": [0, 0, 7, 0.75], "texture": "#0"},
				"south": {"uv": [0, 0, 5.5, 0.75], "texture": "#0"},
				"west": {"uv": [0, 0, 7, 0.75], "texture": "#0"},
				"up": {"uv": [0, 0, 5.5, 7], "texture": "#0"},
				"down": {"uv": [0, 0, 5.5, 7], "texture": "#0"}
			}
		},
		{
			"from": [19.21875, 0.625, 6.70625],
			"to": [21.1375, 1.26875, 7.00625],
			"rotation": {"angle": 0, "axis": "y", "origin": [-11.2, 0, -11.2]},
			"faces": {
				"north": {"uv": [0, 0, 16, 16], "texture": "#5"},
				"east": {"uv": [0, 0, 7, 0.75], "texture": "#5"},
				"south": {"uv": [0, 0, 5.5, 0.75], "texture": "#5"},
				"west": {"uv": [0, 0, 7, 0.75], "texture": "#5"},
				"up": {"uv": [0, 0, 5.5, 7], "texture": "#5"},
				"down": {"uv": [0, 0, 5.5, 7], "texture": "#5"}
			}
		},
		{
			"from": [16.71875, 0.625, 6.70625],
			"to": [18.6375, 1.26875, 7.00625],
			"rotation": {"angle": 0, "axis": "y", "origin": [-11.2, 0, -11.2]},
			"faces": {
				"north": {"uv": [0, 0, 16, 16], "texture": "#5"},
				"east": {"uv": [0, 0, 7, 0.75], "texture": "#5"},
				"south": {"uv": [0, 0, 5.5, 0.75], "texture": "#5"},
				"west": {"uv": [0, 0, 7, 0.75], "texture": "#5"},
				"up": {"uv": [0, 0, 5.5, 7], "texture": "#5"},
				"down": {"uv": [0, 0, 5.5, 7], "texture": "#5"}
			}
		},
		{
			"from": [14.21875, 0.625, 6.70625],
			"to": [16.1375, 1.26875, 7.00625],
			"rotation": {"angle": 0, "axis": "y", "origin": [-11.2, 0, -11.2]},
			"faces": {
				"north": {"uv": [0, 0, 16, 16], "texture": "#5"},
				"east": {"uv": [0, 0, 7, 0.75], "texture": "#5"},
				"south": {"uv": [0, 0, 5.5, 0.75], "texture": "#5"},
				"west": {"uv": [0, 0, 7, 0.75], "texture": "#5"},
				"up": {"uv": [0, 0, 5.5, 7], "texture": "#5"},
				"down": {"uv": [0, 0, 5.5, 7], "texture": "#5"}
			}
		},
		{
			"from": [9.125, 0.78125, 6.70625],
			"to": [11.04375, 1.925, 7.00625],
			"rotation": {"angle": -45, "axis": "z", "origin": [11.3, 0, -11.2]},
			"faces": {
				"north": {"uv": [0, 0, 16, 16], "texture": "#5"},
				"east": {"uv": [0, 0, 7, 0.75], "texture": "#5"},
				"south": {"uv": [0, 0, 5.5, 0.75], "texture": "#5"},
				"west": {"uv": [0, 0, 7, 0.75], "texture": "#5"},
				"up": {"uv": [0, 0, 5.5, 7], "texture": "#5"},
				"down": {"uv": [0, 0, 5.5, 7], "texture": "#5"}
			}
		},
		{
			"from": [22.09375, 1.3125, 13.5],
			"to": [22.39375, 2.70625, 16.66875],
			"rotation": {"angle": 0, "axis": "y", "origin": [20.3, 0, 8.8]},
			"faces": {
				"north": {"uv": [0, 0, 7, 0.75], "texture": "#5"},
				"east": {"uv": [0, 0, 16, 16], "texture": "#5"},
				"south": {"uv": [0, 0, 7, 0.75], "texture": "#5"},
				"west": {"uv": [0, 0, 5.5, 0.75], "texture": "#5"},
				"up": {"uv": [0, 0, 5.5, 7], "rotation": 90, "texture": "#5"},
				"down": {"uv": [0, 0, 5.5, 7], "rotation": 270, "texture": "#5"}
			}
		},
		{
			"from": [22.09375, 1.3125, 9.78125],
			"to": [22.39375, 2.425, 12.95],
			"rotation": {"angle": 0, "axis": "y", "origin": [20.3, 0, 8.8]},
			"faces": {
				"north": {"uv": [0, 0, 7, 0.75], "texture": "#5"},
				"east": {"uv": [0, 0, 16, 16], "texture": "#5"},
				"south": {"uv": [0, 0, 7, 0.75], "texture": "#5"},
				"west": {"uv": [0, 0, 5.5, 0.75], "texture": "#5"},
				"up": {"uv": [0, 0, 5.5, 7], "rotation": 90, "texture": "#5"},
				"down": {"uv": [0, 0, 5.5, 7], "rotation": 270, "texture": "#5"}
			}
		},
		{
			"from": [22.09375, 1.3125, 17.3125],
			"to": [22.39375, 2.425, 20.48125],
			"rotation": {"angle": 0, "axis": "y", "origin": [20.3, 0, 8.8]},
			"faces": {
				"north": {"uv": [0, 0, 7, 0.75], "texture": "#5"},
				"east": {"uv": [0, 0, 16, 16], "texture": "#5"},
				"south": {"uv": [0, 0, 7, 0.75], "texture": "#5"},
				"west": {"uv": [0, 0, 5.5, 0.75], "texture": "#5"},
				"up": {"uv": [0, 0, 5.5, 7], "rotation": 90, "texture": "#5"},
				"down": {"uv": [0, 0, 5.5, 7], "rotation": 270, "texture": "#5"}
			}
		},
		{
			"from": [22.09375, 1.3125, 7.0625],
			"to": [22.39375, 2.26875, 9.23125],
			"rotation": {"angle": 0, "axis": "y", "origin": [20.3, 0, 8.8]},
			"faces": {
				"north": {"uv": [0, 0, 7, 0.75], "texture": "#5"},
				"east": {"uv": [0, 0, 16, 16], "texture": "#5"},
				"south": {"uv": [0, 0, 7, 0.75], "texture": "#5"},
				"west": {"uv": [0, 0, 5.5, 0.75], "texture": "#5"},
				"up": {"uv": [0, 0, 5.5, 7], "rotation": 90, "texture": "#5"},
				"down": {"uv": [0, 0, 5.5, 7], "rotation": 270, "texture": "#5"}
			}
		},
		{
			"from": [22.09375, 1.3125, 21.125],
			"to": [22.39375, 2.26875, 23.29375],
			"rotation": {"angle": 0, "axis": "y", "origin": [20.3, 0, 8.8]},
			"faces": {
				"north": {"uv": [0, 0, 7, 0.75], "texture": "#5"},
				"east": {"uv": [0, 0, 16, 16], "texture": "#5"},
				"south": {"uv": [0, 0, 7, 0.75], "texture": "#5"},
				"west": {"uv": [0, 0, 5.5, 0.75], "texture": "#5"},
				"up": {"uv": [0, 0, 5.5, 7], "rotation": 90, "texture": "#5"},
				"down": {"uv": [0, 0, 5.5, 7], "rotation": 270, "texture": "#5"}
			}
		},
		{
			"from": [11.5, 1.725, 7.4],
			"to": [21.2, 1.875, 23],
			"rotation": {"angle": 0, "axis": "y", "origin": [-11.2, 0, -11.2]},
			"faces": {
				"north": {"uv": [0, 0, 5.5, 0.0625], "texture": "#1"},
				"east": {"uv": [0, 0, 6.5, 0.0625], "texture": "#1"},
				"south": {"uv": [0, 0, 5.5, 0.0625], "texture": "#1"},
				"west": {"uv": [0, 0, 6.5, 0.0625], "texture": "#1"},
				"up": {"uv": [0, 0, 16, 16], "texture": "#1"},
				"down": {"uv": [0, 0, 5.5, 6.5], "texture": "#1"}
			}
		},
		{
			"from": [11.5, -1.025, 10.4],
			"to": [21.2, 0.125, 20],
			"rotation": {"angle": 0, "axis": "y", "origin": [-11.2, 0, -11.2]},
			"faces": {
				"north": {"uv": [0, 0, 5.5, 0.0625], "texture": "#1"},
				"east": {"uv": [0, 0, 6.5, 0.0625], "texture": "#1"},
				"south": {"uv": [0, 0, 5.5, 0.0625], "texture": "#1"},
				"west": {"uv": [0, 0, 6.5, 0.0625], "texture": "#1"},
				"up": {"uv": [0, 0, 16, 16], "texture": "#1"},
				"down": {"uv": [0, 0, 5.5, 6.5], "texture": "#1"}
			}
		},
		{
			"from": [1.5, 0.475, 10.4],
			"to": [11.2, 1.625, 20],
			"rotation": {"angle": 0, "axis": "y", "origin": [-11.2, 0, -11.2]},
			"faces": {
				"north": {"uv": [0, 0, 5.5, 0.0625], "texture": "#1"},
				"east": {"uv": [0, 0, 6.5, 0.0625], "texture": "#1"},
				"south": {"uv": [0, 0, 5.5, 0.0625], "texture": "#1"},
				"west": {"uv": [0, 0, 6.5, 0.0625], "texture": "#1"},
				"up": {"uv": [0, 0, 16, 16], "texture": "#1"},
				"down": {"uv": [0, 0, 5.5, 6.5], "texture": "#1"}
			}
		},
		{
			"from": [-8.5, 1.975, 10.4],
			"to": [1.2, 3.125, 20],
			"rotation": {"angle": 0, "axis": "y", "origin": [-11.2, 0, -11.2]},
			"faces": {
				"north": {"uv": [0, 0, 5.5, 0.0625], "texture": "#1"},
				"east": {"uv": [0, 0, 6.5, 0.0625], "texture": "#1"},
				"south": {"uv": [0, 0, 5.5, 0.0625], "texture": "#1"},
				"west": {"uv": [0, 0, 6.5, 0.0625], "texture": "#1"},
				"up": {"uv": [0, 0, 16, 16], "texture": "#1"},
				"down": {"uv": [0, 0, 5.5, 6.5], "texture": "#1"}
			}
		},
		{
			"from": [19.4, 0, 6.8],
			"to": [21.2, 1.5, 23.6],
			"rotation": {"angle": -45, "axis": "z", "origin": [21.2, 0, -11.2]},
			"faces": {
				"north": {"uv": [0, 0, 0.75, 1.25], "texture": "#0"},
				"east": {"uv": [0, 0, 7, 1.25], "texture": "#0"},
				"south": {"uv": [0, 0, 0.75, 1.25], "texture": "#0"},
				"west": {"uv": [0, 0, 10.5, 4.75], "texture": "#1"},
				"up": {"uv": [0, 0, 0.75, 7], "texture": "#0"},
				"down": {"uv": [0, 0, 0.75, 7], "texture": "#0"}
			}
		},
		{
			"from": [20.8, 1.1, 6.8],
			"to": [22.3, 2.9, 23.6],
			"rotation": {"angle": 0, "axis": "z", "origin": [21.2, 0, -11.2]},
			"faces": {
				"north": {"uv": [0, 0, 0.625, 0.75], "texture": "#0"},
				"east": {"uv": [0, 0, 7, 0.75], "texture": "#0"},
				"south": {"uv": [0, 0, 0.625, 0.75], "texture": "#0"},
				"west": {"uv": [0, 0, 16, 8.25], "texture": "#1"},
				"up": {"uv": [0, 0, 0.625, 7], "texture": "#0"},
				"down": {"uv": [0, 0, 0.625, 7], "texture": "#0"}
			}
		},
		{
			"from": [22.3, 2.6, 15.3625],
			"to": [22.8, 6.4, 15.9125],
			"rotation": {"angle": 22.5, "axis": "z", "origin": [21.2, 0, 22.8]},
			"faces": {
				"north": {"uv": [0, 0, 0.625, 0.75], "texture": "#1"},
				"east": {"uv": [0, 0, 7, 0.75], "texture": "#1"},
				"south": {"uv": [0, 0, 0.625, 0.75], "texture": "#1"},
				"west": {"uv": [0, 0, 7, 0.75], "texture": "#1"},
				"up": {"uv": [0, 0, 0.625, 7], "texture": "#1"},
				"down": {"uv": [0, 0, 0.625, 7], "texture": "#1"}
			}
		},
		{
			"from": [22.70625, 4.0375, 12.8],
			"to": [22.70625, 4.5875, 17.19375],
			"rotation": {"angle": 22.5, "axis": "z", "origin": [21.2, 0, 22.8]},
			"faces": {
				"north": {"uv": [0, 0, 0.625, 0.75], "texture": "#0"},
				"east": {"uv": [0, 0, 7, 0.75], "texture": "#0"},
				"south": {"uv": [0, 0, 0.625, 0.75], "texture": "#0"},
				"west": {"uv": [0, 0, 7, 0.75], "texture": "#0"},
				"up": {"uv": [0, 0, 0.625, 7], "texture": "#0"},
				"down": {"uv": [0, 0, 0.625, 7], "texture": "#0"}
			}
		},
		{
			"from": [22.70625, 5.2875, 9.55],
			"to": [22.70625, 5.8375, 20.69375],
			"rotation": {"angle": 22.5, "axis": "z", "origin": [21.2, 0, 22.8]},
			"faces": {
				"north": {"uv": [0, 0, 0.625, 0.75], "texture": "#0"},
				"east": {"uv": [0, 0, 7, 0.75], "texture": "#0"},
				"south": {"uv": [0, 0, 0.625, 0.75], "texture": "#0"},
				"west": {"uv": [0, 0, 7, 0.75], "texture": "#0"},
				"up": {"uv": [0, 0, 0.625, 7], "texture": "#0"},
				"down": {"uv": [0, 0, 0.625, 7], "texture": "#0"}
			}
		},
		{
			"from": [22.70625, 4.5375, 11.05],
			"to": [22.70625, 5.3375, 18.94375],
			"rotation": {"angle": 22.5, "axis": "z", "origin": [21.2, 0, 22.8]},
			"faces": {
				"north": {"uv": [0, 0, 0.625, 0.75], "texture": "#0"},
				"east": {"uv": [0, 0, 7, 0.75], "texture": "#0"},
				"south": {"uv": [0, 0, 0.625, 0.75], "texture": "#0"},
				"west": {"uv": [0, 0, 7, 0.75], "texture": "#0"},
				"up": {"uv": [0, 0, 0.625, 7], "texture": "#0"},
				"down": {"uv": [0, 0, 0.625, 7], "texture": "#0"}
			}
		},
		{
			"from": [22.3, 2.6, 21.8625],
			"to": [22.55, 6.4, 22.1625],
			"rotation": {"angle": 22.5, "axis": "z", "origin": [21.2, 0, 22.8]},
			"faces": {
				"north": {"uv": [0, 0, 0.625, 0.75], "texture": "#1"},
				"east": {"uv": [0, 0, 7, 0.75], "texture": "#1"},
				"south": {"uv": [0, 0, 0.625, 0.75], "texture": "#1"},
				"west": {"uv": [0, 0, 7, 0.75], "texture": "#1"},
				"up": {"uv": [0, 0, 0.625, 7], "texture": "#1"},
				"down": {"uv": [0, 0, 0.625, 7], "texture": "#1"}
			}
		},
		{
			"from": [22.3, 2.6, 7.8625],
			"to": [22.55, 6.4, 8.1625],
			"rotation": {"angle": 22.5, "axis": "z", "origin": [21.2, 0, 22.8]},
			"faces": {
				"north": {"uv": [0, 0, 0.625, 0.75], "texture": "#1"},
				"east": {"uv": [0, 0, 7, 0.75], "texture": "#1"},
				"south": {"uv": [0, 0, 0.625, 0.75], "texture": "#1"},
				"west": {"uv": [0, 0, 7, 0.75], "texture": "#1"},
				"up": {"uv": [0, 0, 0.625, 7], "texture": "#1"},
				"down": {"uv": [0, 0, 0.625, 7], "texture": "#1"}
			}
		},
		{
			"from": [22.3, 2.6, 14.3625],
			"to": [22.8, 6.4, 14.9125],
			"rotation": {"angle": 22.5, "axis": "z", "origin": [21.2, 0, 22.8]},
			"faces": {
				"north": {"uv": [0, 0, 0.625, 0.75], "texture": "#1"},
				"east": {"uv": [0, 0, 7, 0.75], "texture": "#1"},
				"south": {"uv": [0, 0, 0.625, 0.75], "texture": "#1"},
				"west": {"uv": [0, 0, 7, 0.75], "texture": "#1"},
				"up": {"uv": [0, 0, 0.625, 7], "texture": "#1"},
				"down": {"uv": [0, 0, 0.625, 7], "texture": "#1"}
			}
		},
		{
			"from": [19.8, 6.0625, 7.9],
			"to": [20.3, 6.6125, 22.2],
			"rotation": {"angle": 0, "axis": "x", "origin": [21.2, 0, 22.8]},
			"faces": {
				"north": {"uv": [0, 0, 0.625, 7], "rotation": 180, "texture": "#1"},
				"east": {"uv": [0, 0, 7, 0.75], "rotation": 90, "texture": "#1"},
				"south": {"uv": [0, 0, 0.625, 7], "texture": "#1"},
				"west": {"uv": [0, 0, 7, 0.75], "rotation": 270, "texture": "#1"},
				"up": {"uv": [0, 0, 2, 16], "texture": "#1"},
				"down": {"uv": [0, 0, 0.625, 0.75], "rotation": 180, "texture": "#1"}
			}
		},
		{
			"from": [20.8, 3.5625, 13.15],
			"to": [21.3, 4.1125, 16.95],
			"rotation": {"angle": 0, "axis": "x", "origin": [21.2, 3.5, 16.05]},
			"faces": {
				"north": {"uv": [0, 0, 0.625, 7], "rotation": 180, "texture": "#1"},
				"east": {"uv": [0, 0, 7, 0.75], "rotation": 90, "texture": "#1"},
				"south": {"uv": [0, 0, 0.625, 7], "texture": "#1"},
				"west": {"uv": [0, 0, 7, 0.75], "rotation": 270, "texture": "#1"},
				"up": {"uv": [0, 0, 0.625, 0.75], "texture": "#1"},
				"down": {"uv": [0, 0, 0.625, 0.75], "rotation": 180, "texture": "#1"}
			}
		},
		{
			"from": [20.8, 2.47266, 11.65],
			"to": [21.3, 3.02266, 13.45],
			"rotation": {"angle": 22.5, "axis": "x", "origin": [21.2, 3.5, 16.05]},
			"faces": {
				"north": {"uv": [0, 0, 0.625, 7], "rotation": 180, "texture": "#1"},
				"east": {"uv": [0, 0, 7, 0.75], "rotation": 90, "texture": "#1"},
				"south": {"uv": [0, 0, 0.625, 7], "texture": "#1"},
				"west": {"uv": [0, 0, 7, 0.75], "rotation": 270, "texture": "#1"},
				"up": {"uv": [0, 0, 0.625, 0.75], "texture": "#1"},
				"down": {"uv": [0, 0, 0.625, 0.75], "rotation": 180, "texture": "#1"}
			}
		},
		{
			"from": [20.55, 2.47266, 10.4],
			"to": [21.05, 3.02266, 12.2],
			"rotation": {"angle": 22.5, "axis": "x", "origin": [21.2, 3.5, 16.05]},
			"faces": {
				"north": {"uv": [0, 0, 0.625, 7], "rotation": 180, "texture": "#1"},
				"east": {"uv": [0, 0, 7, 0.75], "rotation": 90, "texture": "#1"},
				"south": {"uv": [0, 0, 0.625, 7], "texture": "#1"},
				"west": {"uv": [0, 0, 7, 0.75], "rotation": 270, "texture": "#1"},
				"up": {"uv": [0, 0, 0.625, 0.75], "texture": "#1"},
				"down": {"uv": [0, 0, 0.625, 0.75], "rotation": 180, "texture": "#1"}
			}
		},
		{
			"from": [20.3, 2.47266, 9.15],
			"to": [20.8, 3.02266, 10.95],
			"rotation": {"angle": 22.5, "axis": "x", "origin": [21.2, 3.5, 16.05]},
			"faces": {
				"north": {"uv": [0, 0, 0.625, 7], "rotation": 180, "texture": "#1"},
				"east": {"uv": [0, 0, 7, 0.75], "rotation": 90, "texture": "#1"},
				"south": {"uv": [0, 0, 0.625, 7], "texture": "#1"},
				"west": {"uv": [0, 0, 7, 0.75], "rotation": 270, "texture": "#1"},
				"up": {"uv": [0, 0, 0.625, 0.75], "texture": "#1"},
				"down": {"uv": [0, 0, 0.625, 0.75], "rotation": 180, "texture": "#1"}
			}
		},
		{
			"from": [20.05, 2.47266, 8.15],
			"to": [20.55, 3.02266, 9.95],
			"rotation": {"angle": 22.5, "axis": "x", "origin": [21.2, 3.5, 16.05]},
			"faces": {
				"north": {"uv": [0, 0, 0.625, 7], "rotation": 180, "texture": "#1"},
				"east": {"uv": [0, 0, 7, 0.75], "rotation": 90, "texture": "#1"},
				"south": {"uv": [0, 0, 0.625, 7], "texture": "#1"},
				"west": {"uv": [0, 0, 7, 0.75], "rotation": 270, "texture": "#1"},
				"up": {"uv": [0, 0, 0.625, 0.75], "texture": "#1"},
				"down": {"uv": [0, 0, 0.625, 0.75], "rotation": 180, "texture": "#1"}
			}
		},
		{
			"from": [19.8, 2.47266, 7.4],
			"to": [20.3, 3.02266, 9.2],
			"rotation": {"angle": 22.5, "axis": "x", "origin": [21.2, 3.5, 16.05]},
			"faces": {
				"north": {"uv": [0, 0, 0.625, 7], "rotation": 180, "texture": "#1"},
				"east": {"uv": [0, 0, 7, 0.75], "rotation": 90, "texture": "#1"},
				"south": {"uv": [0, 0, 0.625, 7], "texture": "#1"},
				"west": {"uv": [0, 0, 7, 0.75], "rotation": 270, "texture": "#1"},
				"up": {"uv": [0, 0, 0.625, 0.75], "texture": "#1"},
				"down": {"uv": [0, 0, 0.625, 0.75], "rotation": 180, "texture": "#1"}
			}
		},
		{
			"from": [19.8, -2.87109, 19.8],
			"to": [20.3, -2.32109, 21.6],
			"rotation": {"angle": -22.5, "axis": "x", "origin": [21.2, 3.5, -0.05]},
			"faces": {
				"north": {"uv": [0.625, 0, 0, 7], "texture": "#1"},
				"east": {"uv": [0, 0.75, 7, 0], "rotation": 90, "texture": "#1"},
				"south": {"uv": [0.625, 0, 0, 7], "rotation": 180, "texture": "#1"},
				"west": {"uv": [0, 0.75, 7, 0], "rotation": 270, "texture": "#1"},
				"up": {"uv": [0, 0.75, 0.625, 0], "texture": "#1"},
				"down": {"uv": [0, 0.75, 0.625, 0], "rotation": 180, "texture": "#1"}
			}
		},
		{
			"from": [20.05, -2.87109, 19.05],
			"to": [20.55, -2.32109, 20.85],
			"rotation": {"angle": -22.5, "axis": "x", "origin": [21.2, 3.5, -0.05]},
			"faces": {
				"north": {"uv": [0.625, 0, 0, 7], "texture": "#1"},
				"east": {"uv": [0, 0.75, 7, 0], "rotation": 90, "texture": "#1"},
				"south": {"uv": [0.625, 0, 0, 7], "rotation": 180, "texture": "#1"},
				"west": {"uv": [0, 0.75, 7, 0], "rotation": 270, "texture": "#1"},
				"up": {"uv": [0, 0.75, 0.625, 0], "texture": "#1"},
				"down": {"uv": [0, 0.75, 0.625, 0], "rotation": 180, "texture": "#1"}
			}
		},
		{
			"from": [20.3, -2.87109, 18.05],
			"to": [20.8, -2.32109, 19.85],
			"rotation": {"angle": -22.5, "axis": "x", "origin": [21.2, 3.5, -0.05]},
			"faces": {
				"north": {"uv": [0.625, 0, 0, 7], "texture": "#1"},
				"east": {"uv": [0, 0.75, 7, 0], "rotation": 90, "texture": "#1"},
				"south": {"uv": [0.625, 0, 0, 7], "rotation": 180, "texture": "#1"},
				"west": {"uv": [0, 0.75, 7, 0], "rotation": 270, "texture": "#1"},
				"up": {"uv": [0, 0.75, 0.625, 0], "texture": "#1"},
				"down": {"uv": [0, 0.75, 0.625, 0], "rotation": 180, "texture": "#1"}
			}
		},
		{
			"from": [20.55, -2.87109, 16.8],
			"to": [21.05, -2.32109, 18.6],
			"rotation": {"angle": -22.5, "axis": "x", "origin": [21.2, 3.5, -0.05]},
			"faces": {
				"north": {"uv": [0.625, 0, 0, 7], "texture": "#1"},
				"east": {"uv": [0, 0.75, 7, 0], "rotation": 90, "texture": "#1"},
				"south": {"uv": [0.625, 0, 0, 7], "rotation": 180, "texture": "#1"},
				"west": {"uv": [0, 0.75, 7, 0], "rotation": 270, "texture": "#1"},
				"up": {"uv": [0, 0.75, 0.625, 0], "texture": "#1"},
				"down": {"uv": [0, 0.75, 0.625, 0], "rotation": 180, "texture": "#1"}
			}
		},
		{
			"from": [20.8, -2.87109, 15.55],
			"to": [21.3, -2.32109, 17.35],
			"rotation": {"angle": -22.5, "axis": "x", "origin": [21.2, 3.5, -0.05]},
			"faces": {
				"north": {"uv": [0.625, 0, 0, 7], "texture": "#1"},
				"east": {"uv": [0, 0.75, 7, 0], "rotation": 90, "texture": "#1"},
				"south": {"uv": [0.625, 0, 0, 7], "rotation": 180, "texture": "#1"},
				"west": {"uv": [0, 0.75, 7, 0], "rotation": 270, "texture": "#1"},
				"up": {"uv": [0, 0.75, 0.625, 0], "texture": "#1"},
				"down": {"uv": [0, 0.75, 0.625, 0], "rotation": 180, "texture": "#1"}
			}
		},
		{
			"from": [7.59375, 6.59375, 6.8],
			"to": [9.825, 8.39375, 23.6],
			"rotation": {"angle": -45, "axis": "z", "origin": [3.3, 1.5, 14.3]},
			"faces": {
				"north": {"uv": [0, 0, 5.5, 0.75], "texture": "#0"},
				"east": {"uv": [0, 0, 7, 0.75], "texture": "#1"},
				"south": {"uv": [0, 0, 5.5, 0.75], "texture": "#0"},
				"west": {"uv": [0, 0, 7, 0.75], "texture": "#0"},
				"up": {"uv": [0, 0, 5.5, 7], "texture": "#1"},
				"down": {"uv": [0, 0, 5.5, 7], "texture": "#0"}
			}
		},
		{
			"from": [1, 1.5, 6.8],
			"to": [11.2, 3.3, 23.6],
			"rotation": {"angle": 0, "axis": "y", "origin": [-21.2, 1.5, -11.2]},
			"faces": {
				"north": {"uv": [0, 0, 5.5, 0.75], "texture": "#0"},
				"east": {"uv": [0, 0, 7, 0.75], "texture": "#0"},
				"south": {"uv": [0, 0, 5.5, 0.75], "texture": "#0"},
				"west": {"uv": [0, 0, 7, 0.75], "texture": "#0"},
				"up": {"uv": [0, 0, 5.5, 7], "texture": "#0"},
				"down": {"uv": [0, 0, 5.5, 7], "texture": "#0"}
			}
		},
		{
			"from": [1.5, 3.225, 7.4],
			"to": [11.2, 3.375, 23],
			"rotation": {"angle": 0, "axis": "y", "origin": [-21.2, 1.5, -11.2]},
			"faces": {
				"north": {"uv": [0, 0, 5.5, 0.0625], "texture": "#1"},
				"east": {"uv": [0, 0, 6.5, 0.0625], "texture": "#1"},
				"south": {"uv": [0, 0, 5.5, 0.0625], "texture": "#1"},
				"west": {"uv": [0, 0, 6.5, 0.0625], "texture": "#1"},
				"up": {"uv": [0, 0, 16, 16], "texture": "#1"},
				"down": {"uv": [0, 0, 5.5, 6.5], "texture": "#1"}
			}
		},
		{
			"from": [-2.40625, 8.09375, 6.8],
			"to": [-0.175, 9.89375, 23.6],
			"rotation": {"angle": -45, "axis": "z", "origin": [-6.7, 3, 14.3]},
			"faces": {
				"north": {"uv": [0, 0, 5.5, 0.75], "texture": "#0"},
				"east": {"uv": [0, 0, 7, 0.75], "texture": "#1"},
				"south": {"uv": [0, 0, 5.5, 0.75], "texture": "#0"},
				"west": {"uv": [0, 0, 7, 0.75], "texture": "#0"},
				"up": {"uv": [0, 0, 5.5, 7], "texture": "#1"},
				"down": {"uv": [0, 0, 5.5, 7], "texture": "#0"}
			}
		},
		{
			"from": [4.71875, 2.125, 6.70625],
			"to": [6.6375, 2.76875, 7.00625],
			"rotation": {"angle": 0, "axis": "y", "origin": [-21.2, 1.5, -11.2]},
			"faces": {
				"north": {"uv": [0, 0, 16, 16], "texture": "#5"},
				"east": {"uv": [0, 0, 7, 0.75], "texture": "#5"},
				"south": {"uv": [0, 0, 5.5, 0.75], "texture": "#5"},
				"west": {"uv": [0, 0, 7, 0.75], "texture": "#5"},
				"up": {"uv": [0, 0, 5.5, 7], "texture": "#5"},
				"down": {"uv": [0, 0, 5.5, 7], "texture": "#5"}
			}
		},
		{
			"from": [7.21875, 2.125, 6.70625],
			"to": [9.1375, 2.76875, 7.00625],
			"rotation": {"angle": 0, "axis": "y", "origin": [-21.2, 1.5, -11.2]},
			"faces": {
				"north": {"uv": [0, 0, 16, 16], "texture": "#5"},
				"east": {"uv": [0, 0, 7, 0.75], "texture": "#5"},
				"south": {"uv": [0, 0, 5.5, 0.75], "texture": "#5"},
				"west": {"uv": [0, 0, 7, 0.75], "texture": "#5"},
				"up": {"uv": [0, 0, 5.5, 7], "texture": "#5"},
				"down": {"uv": [0, 0, 5.5, 7], "texture": "#5"}
			}
		},
		{
			"from": [-0.875, 2.28125, 6.70625],
			"to": [1.04375, 3.425, 7.00625],
			"rotation": {"angle": -45, "axis": "z", "origin": [1.3, 1.5, -11.2]},
			"faces": {
				"north": {"uv": [0, 0, 16, 16], "texture": "#5"},
				"east": {"uv": [0, 0, 7, 0.75], "texture": "#5"},
				"south": {"uv": [0, 0, 5.5, 0.75], "texture": "#5"},
				"west": {"uv": [0, 0, 7, 0.75], "texture": "#5"},
				"up": {"uv": [0, 0, 5.5, 7], "texture": "#5"},
				"down": {"uv": [0, 0, 5.5, 7], "texture": "#5"}
			}
		},
		{
			"from": [-9, 3, 6.8],
			"to": [1.2, 4.8, 23.6],
			"rotation": {"angle": 0, "axis": "y", "origin": [-31.2, 3, -11.2]},
			"faces": {
				"north": {"uv": [0, 0, 5.5, 0.75], "texture": "#0"},
				"east": {"uv": [0, 0, 7, 0.75], "texture": "#0"},
				"south": {"uv": [0, 0, 5.5, 0.75], "texture": "#0"},
				"west": {"uv": [0, 0, 7, 0.75], "texture": "#0"},
				"up": {"uv": [0, 0, 5.5, 7], "texture": "#0"},
				"down": {"uv": [0, 0, 5.5, 7], "texture": "#0"}
			}
		},
		{
			"from": [-2.5, -0.25, 8.8],
			"to": [0.7, 2.3, 11.1],
			"rotation": {"angle": 0, "axis": "y", "origin": [-31.2, 3, -11.2]},
			"faces": {
				"north": {"uv": [0, 0, 5.5, 0.75], "texture": "#6"},
				"east": {"uv": [0, 0, 7, 0.75], "texture": "#6"},
				"south": {"uv": [3, 3.5, 12.5, 12.25], "texture": "#6"},
				"west": {"uv": [0, 0, 7, 0.75], "texture": "#6"},
				"up": {"uv": [0, 0, 5.5, 7], "texture": "#6"},
				"down": {"uv": [0, 0, 5.5, 7], "texture": "#6"}
			}
		},
		{
			"from": [-2.5, -0.25, 19.3],
			"to": [0.7, 2.3, 21.6],
			"rotation": {"angle": 0, "axis": "y", "origin": [-31.2, 3, -11.2]},
			"faces": {
				"north": {"uv": [0, 0, 5.5, 0.75], "texture": "#6"},
				"east": {"uv": [0, 0, 7, 0.75], "texture": "#6"},
				"south": {"uv": [3, 3.5, 12.5, 12.25], "texture": "#6"},
				"west": {"uv": [0, 0, 7, 0.75], "texture": "#6"},
				"up": {"uv": [0, 0, 5.5, 7], "texture": "#6"},
				"down": {"uv": [0, 0, 5.5, 7], "texture": "#6"}
			}
		},
		{
			"from": [12, -2.25, 19.3],
			"to": [15.2, 0.3, 21.6],
			"rotation": {"angle": 0, "axis": "y", "origin": [-31.2, 3, -11.2]},
			"faces": {
				"north": {"uv": [0, 0, 5.5, 0.75], "texture": "#6"},
				"east": {"uv": [0, 0, 7, 0.75], "texture": "#6"},
				"south": {"uv": [3, 3.5, 12.5, 12.25], "texture": "#6"},
				"west": {"uv": [0, 0, 7, 0.75], "texture": "#6"},
				"up": {"uv": [0, 0, 5.5, 7], "texture": "#6"},
				"down": {"uv": [0, 0, 5.5, 7], "texture": "#6"}
			}
		},
		{
			"from": [12, -2.25, 8.8],
			"to": [15.2, 0.3, 11.1],
			"rotation": {"angle": 0, "axis": "y", "origin": [-31.2, 3, -11.2]},
			"faces": {
				"north": {"uv": [0, 0, 5.5, 0.75], "texture": "#6"},
				"east": {"uv": [0, 0, 7, 0.75], "texture": "#6"},
				"south": {"uv": [3, 3.5, 12.5, 12.25], "texture": "#6"},
				"west": {"uv": [0, 0, 7, 0.75], "texture": "#6"},
				"up": {"uv": [0, 0, 5.5, 7], "texture": "#6"},
				"down": {"uv": [0, 0, 5.5, 7], "texture": "#6"}
			}
		},
		{
			"from": [-8.5, 4.725, 7.4],
			"to": [1.2, 4.875, 23],
			"rotation": {"angle": 0, "axis": "y", "origin": [-31.2, 3, -11.2]},
			"faces": {
				"north": {"uv": [0, 0, 5.5, 0.0625], "texture": "#1"},
				"east": {"uv": [0, 0, 6.5, 0.0625], "texture": "#1"},
				"south": {"uv": [0, 0, 5.5, 0.0625], "texture": "#1"},
				"west": {"uv": [0, 0, 6.5, 0.0625], "texture": "#1"},
				"up": {"uv": [0, 0, 16, 16], "texture": "#1"},
				"down": {"uv": [0, 0, 5.5, 6.5], "texture": "#1"}
			}
		},
		{
			"from": [-12.40625, 9.59375, 6.8],
			"to": [-10.175, 11.39375, 23.6],
			"rotation": {"angle": -45, "axis": "z", "origin": [-16.7, 4.5, 14.3]},
			"faces": {
				"north": {"uv": [0, 0, 5.5, 0.75], "texture": "#0"},
				"east": {"uv": [0, 0, 7, 0.75], "texture": "#1"},
				"south": {"uv": [0, 0, 5.5, 0.75], "texture": "#0"},
				"west": {"uv": [0, 0, 7, 0.75], "texture": "#0"},
				"up": {"uv": [0, 0, 5.5, 7], "texture": "#1"},
				"down": {"uv": [0, 0, 5.5, 7], "texture": "#0"}
			}
		},
		{
			"from": [-5.28125, 3.625, 6.70625],
			"to": [-3.3625, 4.26875, 7.00625],
			"rotation": {"angle": 0, "axis": "y", "origin": [-31.2, 3, -11.2]},
			"faces": {
				"north": {"uv": [0, 0, 16, 16], "texture": "#5"},
				"east": {"uv": [0, 0, 7, 0.75], "texture": "#5"},
				"south": {"uv": [0, 0, 5.5, 0.75], "texture": "#5"},
				"west": {"uv": [0, 0, 7, 0.75], "texture": "#5"},
				"up": {"uv": [0, 0, 5.5, 7], "texture": "#5"},
				"down": {"uv": [0, 0, 5.5, 7], "texture": "#5"}
			}
		},
		{
			"from": [-2.78125, 3.625, 6.70625],
			"to": [-0.8625, 4.26875, 7.00625],
			"rotation": {"angle": 0, "axis": "y", "origin": [-31.2, 3, -11.2]},
			"faces": {
				"north": {"uv": [0, 0, 16, 16], "texture": "#5"},
				"east": {"uv": [0, 0, 7, 0.75], "texture": "#5"},
				"south": {"uv": [0, 0, 5.5, 0.75], "texture": "#5"},
				"west": {"uv": [0, 0, 7, 0.75], "texture": "#5"},
				"up": {"uv": [0, 0, 5.5, 7], "texture": "#5"},
				"down": {"uv": [0, 0, 5.5, 7], "texture": "#5"}
			}
		},
		{
			"from": [19.21875, 0.625, 23.4],
			"to": [21.1375, 1.26875, 23.7],
			"rotation": {"angle": 0, "axis": "y", "origin": [-11.2, 0, 41.60625]},
			"faces": {
				"north": {"uv": [5.5, 0, 0, 0.75], "texture": "#5"},
				"east": {"uv": [7, 0, 0, 0.75], "texture": "#5"},
				"south": {"uv": [16, 0, 0, 16], "texture": "#5"},
				"west": {"uv": [7, 0, 0, 0.75], "texture": "#5"},
				"up": {"uv": [0, 7, 5.5, 0], "texture": "#5"},
				"down": {"uv": [0, 7, 5.5, 0], "texture": "#5"}
			}
		},
		{
			"from": [16.71875, 0.625, 23.4],
			"to": [18.6375, 1.26875, 23.7],
			"rotation": {"angle": 0, "axis": "y", "origin": [-11.2, 0, 41.60625]},
			"faces": {
				"north": {"uv": [5.5, 0, 0, 0.75], "texture": "#5"},
				"east": {"uv": [7, 0, 0, 0.75], "texture": "#5"},
				"south": {"uv": [16, 0, 0, 16], "texture": "#5"},
				"west": {"uv": [7, 0, 0, 0.75], "texture": "#5"},
				"up": {"uv": [0, 7, 5.5, 0], "texture": "#5"},
				"down": {"uv": [0, 7, 5.5, 0], "texture": "#5"}
			}
		},
		{
			"from": [14.21875, 0.625, 23.4],
			"to": [16.1375, 1.26875, 23.7],
			"rotation": {"angle": 0, "axis": "y", "origin": [-11.2, 0, 41.60625]},
			"faces": {
				"north": {"uv": [5.5, 0, 0, 0.75], "texture": "#5"},
				"east": {"uv": [7, 0, 0, 0.75], "texture": "#5"},
				"south": {"uv": [16, 0, 0, 16], "texture": "#5"},
				"west": {"uv": [7, 0, 0, 0.75], "texture": "#5"},
				"up": {"uv": [0, 7, 5.5, 0], "texture": "#5"},
				"down": {"uv": [0, 7, 5.5, 0], "texture": "#5"}
			}
		},
		{
			"from": [9.125, 0.78125, 23.4],
			"to": [11.04375, 1.925, 23.7],
			"rotation": {"angle": -45, "axis": "z", "origin": [11.3, 0, 41.60625]},
			"faces": {
				"north": {"uv": [5.5, 0, 0, 0.75], "texture": "#5"},
				"east": {"uv": [7, 0, 0, 0.75], "texture": "#5"},
				"south": {"uv": [16, 0, 0, 16], "texture": "#5"},
				"west": {"uv": [7, 0, 0, 0.75], "texture": "#5"},
				"up": {"uv": [0, 7, 5.5, 0], "texture": "#5"},
				"down": {"uv": [0, 7, 5.5, 0], "texture": "#5"}
			}
		},
		{
			"from": [7.21875, 2.125, 23.4],
			"to": [9.1375, 2.76875, 23.7],
			"rotation": {"angle": 0, "axis": "y", "origin": [-21.2, 1.5, 41.60625]},
			"faces": {
				"north": {"uv": [5.5, 0, 0, 0.75], "texture": "#5"},
				"east": {"uv": [7, 0, 0, 0.75], "texture": "#5"},
				"south": {"uv": [16, 0, 0, 16], "texture": "#5"},
				"west": {"uv": [7, 0, 0, 0.75], "texture": "#5"},
				"up": {"uv": [0, 7, 5.5, 0], "texture": "#5"},
				"down": {"uv": [0, 7, 5.5, 0], "texture": "#5"}
			}
		},
		{
			"from": [4.71875, 2.125, 23.4],
			"to": [6.6375, 2.76875, 23.7],
			"rotation": {"angle": 0, "axis": "y", "origin": [-21.2, 1.5, 41.60625]},
			"faces": {
				"north": {"uv": [5.5, 0, 0, 0.75], "texture": "#5"},
				"east": {"uv": [7, 0, 0, 0.75], "texture": "#5"},
				"south": {"uv": [16, 0, 0, 16], "texture": "#5"},
				"west": {"uv": [7, 0, 0, 0.75], "texture": "#5"},
				"up": {"uv": [0, 7, 5.5, 0], "texture": "#5"},
				"down": {"uv": [0, 7, 5.5, 0], "texture": "#5"}
			}
		},
		{
			"from": [-0.875, 2.28125, 23.4],
			"to": [1.04375, 3.425, 23.7],
			"rotation": {"angle": -45, "axis": "z", "origin": [1.3, 1.5, 41.60625]},
			"faces": {
				"north": {"uv": [5.5, 0, 0, 0.75], "texture": "#5"},
				"east": {"uv": [7, 0, 0, 0.75], "texture": "#5"},
				"south": {"uv": [16, 0, 0, 16], "texture": "#5"},
				"west": {"uv": [7, 0, 0, 0.75], "texture": "#5"},
				"up": {"uv": [0, 7, 5.5, 0], "texture": "#5"},
				"down": {"uv": [0, 7, 5.5, 0], "texture": "#5"}
			}
		},
		{
			"from": [-2.78125, 3.625, 23.4],
			"to": [-0.8625, 4.26875, 23.7],
			"rotation": {"angle": 0, "axis": "y", "origin": [-31.2, 3, 41.60625]},
			"faces": {
				"north": {"uv": [5.5, 0, 0, 0.75], "texture": "#5"},
				"east": {"uv": [7, 0, 0, 0.75], "texture": "#5"},
				"south": {"uv": [16, 0, 0, 16], "texture": "#5"},
				"west": {"uv": [7, 0, 0, 0.75], "texture": "#5"},
				"up": {"uv": [0, 7, 5.5, 0], "texture": "#5"},
				"down": {"uv": [0, 7, 5.5, 0], "texture": "#5"}
			}
		},
		{
			"from": [-5.28125, 3.625, 23.4],
			"to": [-3.3625, 4.26875, 23.7],
			"rotation": {"angle": 0, "axis": "y", "origin": [-31.2, 3, 41.60625]},
			"faces": {
				"north": {"uv": [5.5, 0, 0, 0.75], "texture": "#5"},
				"east": {"uv": [7, 0, 0, 0.75], "texture": "#5"},
				"south": {"uv": [16, 0, 0, 16], "texture": "#5"},
				"west": {"uv": [7, 0, 0, 0.75], "texture": "#5"},
				"up": {"uv": [0, 7, 5.5, 0], "texture": "#5"},
				"down": {"uv": [0, 7, 5.5, 0], "texture": "#5"}
			}
		},
		{
			"from": [-10.875, 3.78125, 6.70625],
			"to": [-8.95625, 4.925, 7.00625],
			"rotation": {"angle": -45, "axis": "z", "origin": [-8.7, 3, -11.2]},
			"faces": {
				"north": {"uv": [0, 0, 16, 16], "texture": "#5"},
				"east": {"uv": [0, 0, 7, 0.75], "texture": "#5"},
				"south": {"uv": [0, 0, 5.5, 0.75], "texture": "#5"},
				"west": {"uv": [0, 0, 7, 0.75], "texture": "#5"},
				"up": {"uv": [0, 0, 5.5, 7], "texture": "#5"},
				"down": {"uv": [0, 0, 5.5, 7], "texture": "#5"}
			}
		},
		{
			"from": [-10.875, 3.78125, 23.43125],
			"to": [-8.95625, 4.925, 23.73125],
			"rotation": {"angle": -45, "axis": "z", "origin": [-8.7, 3, 27.2]},
			"faces": {
				"north": {"uv": [5.5, 0, 0, 0.75], "texture": "#5"},
				"east": {"uv": [7, 0, 0, 0.75], "texture": "#5"},
				"south": {"uv": [16, 0, 0, 16], "texture": "#5"},
				"west": {"uv": [7, 0, 0, 0.75], "texture": "#5"},
				"up": {"uv": [0, 7, 5.5, 0], "texture": "#5"},
				"down": {"uv": [0, 7, 5.5, 0], "texture": "#5"}
			}
		},
		{
			"from": [13.7, -0.6, 7.89375],
			"to": [14.9, 2.4, 14.00625],
			"rotation": {"angle": -22.5, "axis": "z", "origin": [19.7, 0, -20.7]},
			"faces": {
				"north": {"uv": [0, 0, 0.5, 1.25], "texture": "#0"},
				"east": {"uv": [0, 0, 7, 1.25], "texture": "#0"},
				"south": {"uv": [0, 0, 0.5, 1.25], "texture": "#0"},
				"west": {"uv": [0, 0, 7, 1.25], "texture": "#1"},
				"up": {"uv": [0, 0, 0.5, 7], "texture": "#0"},
				"down": {"uv": [0, 0, 0.5, 7], "texture": "#0"}
			}
		},
		{
			"from": [13.13125, 4.2, 7.8],
			"to": [16.7, 4.8, 14.1],
			"rotation": {"angle": 0, "axis": "z", "origin": [19.7, 0, -20.7]},
			"faces": {
				"north": {"uv": [0, 0, 0.25, 1.5], "rotation": 270, "texture": "#3"},
				"east": {"uv": [0, 0, 0.25, 7], "rotation": 90, "texture": "#3"},
				"south": {"uv": [0, 0, 0.25, 1.5], "rotation": 90, "texture": "#3"},
				"west": {"uv": [0, 0, 0.25, 7], "rotation": 90, "texture": "#3"},
				"up": {"uv": [0, 0, 7, 1.5], "rotation": 90, "texture": "#3"},
				"down": {"uv": [0, 0, 7, 1.5], "rotation": 90, "texture": "#0"}
			}
		},
		{
			"from": [14.9, 7.2, 7.8],
			"to": [15.5, 9.6, 14.1],
			"rotation": {"angle": 22.5, "axis": "z", "origin": [19.7, 0, -20.7]},
			"faces": {
				"north": {"uv": [0, 0, 0.25, 1], "texture": "#0"},
				"east": {"uv": [0, 0, 7, 1], "texture": "#3"},
				"south": {"uv": [0, 0, 0.25, 1], "texture": "#0"},
				"west": {"uv": [0, 0, 7, 1], "texture": "#3"},
				"up": {"uv": [0, 0, 0.25, 7], "texture": "#3"},
				"down": {"uv": [0, 0, 0.25, 7], "texture": "#3"}
			}
		},
		{
			"from": [11.54215, 7.46815, 7.8],
			"to": [12.14215, 11.06815, 14.1],
			"rotation": {"angle": 0, "axis": "z", "origin": [11.3, 2.4, -20.7]},
			"faces": {
				"north": {"uv": [0, 0, 0.25, 1.5], "texture": "#0"},
				"east": {"uv": [0, 0, 7, 1.5], "texture": "#3"},
				"south": {"uv": [0, 0, 0.25, 1.5], "texture": "#0"},
				"west": {"uv": [0, 0, 7, 1.5], "texture": "#3"},
				"up": {"uv": [0, 0, 0.25, 7], "texture": "#3"},
				"down": {"uv": [0, 0, 0.25, 7], "texture": "#3"}
			}
		},
		{
			"from": [11.3, 0.975, 12.9],
			"to": [14.3, 1.575, 13.5],
			"rotation": {"angle": -22.5, "axis": "z", "origin": [19.7, 0, -20.7]},
			"faces": {
				"north": {"uv": [0, 0, 1.25, 0.25], "texture": "#1"},
				"east": {"uv": [0, 0, 0.25, 0.25], "texture": "#1"},
				"south": {"uv": [0, 0, 1.25, 0.25], "texture": "#1"},
				"west": {"uv": [0, 0, 0.25, 0.25], "texture": "#1"},
				"up": {"uv": [0, 0, 1.25, 0.25], "texture": "#1"},
				"down": {"uv": [0, 0, 1.25, 0.25], "texture": "#1"}
			}
		},
		{
			"from": [13.1, 4.2, 13.6875],
			"to": [16.7, 6, 14.2875],
			"rotation": {"angle": 0, "axis": "z", "origin": [19.7, 0, -20.5125]},
			"faces": {
				"north": {"uv": [0, 0, 4.25, 5], "rotation": 270, "texture": "#3"},
				"east": {"uv": [0, 0, 0.75, 0.25], "rotation": 90, "texture": "#3"},
				"south": {"uv": [0, 0, 0.75, 1.5], "rotation": 90, "texture": "#0"},
				"west": {"uv": [0, 0, 0.75, 0.25], "rotation": 90, "texture": "#0"},
				"up": {"uv": [0, 0, 0.25, 1.5], "rotation": 90, "texture": "#3"},
				"down": {"uv": [0, 0, 0.25, 1.5], "rotation": 90, "texture": "#0"}
			}
		},
		{
			"from": [13.1, 4.2, 7.60625],
			"to": [16.7, 6, 8.20625],
			"rotation": {"angle": 0, "axis": "z", "origin": [19.7, 0, -20.79375]},
			"faces": {
				"north": {"uv": [0, 0, 0.75, 1.5], "rotation": 270, "texture": "#0"},
				"east": {"uv": [0, 0, 0.75, 0.25], "rotation": 90, "texture": "#3"},
				"south": {"uv": [0, 0, 12.75, 9], "rotation": 90, "texture": "#3"},
				"west": {"uv": [0, 0, 0.75, 0.25], "rotation": 90, "texture": "#0"},
				"up": {"uv": [0, 0, 0.25, 1.5], "rotation": 90, "texture": "#3"},
				"down": {"uv": [0, 0, 0.25, 1.5], "rotation": 90, "texture": "#3"}
			}
		},
		{
			"from": [15.4, 8.5, 7.60625],
			"to": [16.45, 9.6, 8.20625],
			"rotation": {"angle": 22.5, "axis": "z", "origin": [19.7, 0, -20.79375]},
			"faces": {
				"north": {"uv": [0, 0, 0.75, 1.5], "rotation": 180, "texture": "#0"},
				"east": {"uv": [0, 0, 0.25, 1.5], "rotation": 180, "texture": "#3"},
				"south": {"uv": [0, 0, 6.75, 5], "rotation": 180, "texture": "#3"},
				"west": {"uv": [0, 0, 0.25, 1.5], "rotation": 180, "texture": "#0"},
				"up": {"uv": [0, 0, 0.75, 0.25], "rotation": 180, "texture": "#3"},
				"down": {"uv": [0, 0, 0.75, 0.25], "rotation": 180, "texture": "#3"}
			}
		},
		{
			"from": [15.4, 8.5, 13.6875],
			"to": [16.45, 9.6, 14.2875],
			"rotation": {"angle": 22.5, "axis": "z", "origin": [19.7, 0, -20.5125]},
			"faces": {
				"north": {"uv": [0, 0, 2.75, 3.5], "rotation": 180, "texture": "#3"},
				"east": {"uv": [0, 0, 0.25, 1.5], "rotation": 180, "texture": "#3"},
				"south": {"uv": [0, 0, 0.75, 1.5], "rotation": 180, "texture": "#0"},
				"west": {"uv": [0, 0, 0.25, 1.5], "rotation": 180, "texture": "#0"},
				"up": {"uv": [0, 0, 0.75, 0.25], "rotation": 180, "texture": "#3"},
				"down": {"uv": [0, 0, 0.75, 0.25], "rotation": 180, "texture": "#3"}
			}
		},
		{
			"from": [11.9, 7.75, 7.60625],
			"to": [12.95, 11.1, 8.20625],
			"rotation": {"angle": 0, "axis": "z", "origin": [19.7, 0, -20.79375]},
			"faces": {
				"north": {"uv": [0, 0, 0.75, 1.5], "rotation": 180, "texture": "#0"},
				"east": {"uv": [0, 0, 0.25, 1.5], "rotation": 180, "texture": "#3"},
				"south": {"uv": [0, 0, 4.5, 4], "rotation": 180, "texture": "#3"},
				"west": {"uv": [0, 0, 0.25, 1.5], "rotation": 180, "texture": "#0"},
				"up": {"uv": [0, 0, 0.75, 0.25], "rotation": 180, "texture": "#3"},
				"down": {"uv": [0, 0, 0.75, 0.25], "rotation": 180, "texture": "#3"}
			}
		},
		{
			"from": [11.9, 7.75, 13.6875],
			"to": [12.95, 11.1, 14.2875],
			"rotation": {"angle": 0, "axis": "z", "origin": [19.7, 0, -20.5125]},
			"faces": {
				"north": {"uv": [0, 0, 3.75, 3.5], "rotation": 180, "texture": "#3"},
				"east": {"uv": [0, 0, 0.25, 1.5], "rotation": 180, "texture": "#3"},
				"south": {"uv": [0, 0, 0.75, 1.5], "rotation": 180, "texture": "#0"},
				"west": {"uv": [0, 0, 0.25, 1.5], "rotation": 180, "texture": "#0"},
				"up": {"uv": [0, 0, 0.75, 0.25], "rotation": 180, "texture": "#3"},
				"down": {"uv": [0, 0, 0.75, 0.25], "rotation": 180, "texture": "#3"}
			}
		},
		{
			"from": [11.54215, 10.96815, 9.05],
			"to": [12.14215, 12.06815, 12.85],
			"rotation": {"angle": 0, "axis": "z", "origin": [11.3, 2.4, -20.7]},
			"faces": {
				"north": {"uv": [0, 0, 0.25, 1.5], "texture": "#3"},
				"east": {"uv": [0, 0, 7, 1.5], "texture": "#3"},
				"south": {"uv": [0, 0, 0.25, 1.5], "texture": "#3"},
				"west": {"uv": [0, 0, 7, 1.5], "texture": "#3"},
				"up": {"uv": [0, 0, 0.25, 7], "texture": "#3"},
				"down": {"uv": [0, 0, 0.25, 7], "texture": "#3"}
			}
		},
		{
			"from": [26.99375, 5.875, 11.40625],
			"to": [27.79375, 6.725, 13.85],
			"rotation": {"angle": -22.5, "axis": "y", "origin": [19.7, 0, -20.7]},
			"faces": {
				"north": {"uv": [0, 0, 0.75, 1.5], "rotation": 180, "texture": "#3"},
				"east": {"uv": [0, 0, 3.75, 4], "rotation": 180, "texture": "#3"},
				"south": {"uv": [0, 0, 0.75, 1.5], "rotation": 180, "texture": "#3"},
				"west": {"uv": [0, 0, 0.25, 1.5], "rotation": 180, "texture": "#3"},
				"up": {"uv": [0, 0, 3.25, 3.25], "rotation": 180, "texture": "#3"},
				"down": {"uv": [0, 0, 0.75, 0.25], "rotation": 180, "texture": "#3"}
			}
		},
		{
			"from": [11.3, 0.975, 8.4],
			"to": [14.3, 1.575, 9],
			"rotation": {"angle": -22.5, "axis": "z", "origin": [19.7, 0, -20.7]},
			"faces": {
				"north": {"uv": [0, 0, 1.25, 0.25], "texture": "#1"},
				"east": {"uv": [0, 0, 0.25, 0.25], "texture": "#1"},
				"south": {"uv": [0, 0, 1.25, 0.25], "texture": "#1"},
				"west": {"uv": [0, 0, 0.25, 0.25], "texture": "#1"},
				"up": {"uv": [0, 0, 1.25, 0.25], "texture": "#1"},
				"down": {"uv": [0, 0, 1.25, 0.25], "texture": "#1"}
			}
		},
		{
			"from": [18.36875, 7.96875, 10.34375],
			"to": [19.41875, 8.63125, 11.5375],
			"rotation": {"angle": 22.5, "axis": "z", "origin": [19.7, 0, -20.7]},
			"faces": {
				"north": {"uv": [0, 0, 0.75, 1.5], "rotation": 180, "texture": "#3"},
				"east": {"uv": [0, 0, 1.75, 2], "rotation": 180, "texture": "#3"},
				"south": {"uv": [0, 0, 0.75, 1.5], "rotation": 180, "texture": "#3"},
				"west": {"uv": [0, 0, 0.25, 1.5], "rotation": 180, "texture": "#3"},
				"up": {"uv": [0, 0, 2.75, 3.75], "rotation": 180, "texture": "#3"},
				"down": {"uv": [0, 0, 0.75, 0.25], "rotation": 180, "texture": "#3"}
			}
		},
		{
			"from": [17.86875, 7.71875, 10.09375],
			"to": [18.91875, 8.56875, 11.7875],
			"rotation": {"angle": 22.5, "axis": "z", "origin": [19.7, 0, -20.7]},
			"faces": {
				"north": {"uv": [0, 0, 0.75, 1.5], "rotation": 180, "texture": "#3"},
				"east": {"uv": [0, 0, 5.75, 5], "rotation": 180, "texture": "#3"},
				"south": {"uv": [0, 0, 0.75, 1.5], "rotation": 180, "texture": "#3"},
				"west": {"uv": [0, 0, 0.25, 1.5], "rotation": 180, "texture": "#3"},
				"up": {"uv": [0, 0, 2.25, 2.25], "rotation": 180, "texture": "#3"},
				"down": {"uv": [0, 0, 0.75, 0.25], "rotation": 180, "texture": "#3"}
			}
		},
		{
			"from": [27.24375, 6.125, 10.65625],
			"to": [28.04375, 6.975, 12.1],
			"rotation": {"angle": -22.5, "axis": "y", "origin": [19.7, 0, -20.7]},
			"faces": {
				"north": {"uv": [0, 0, 0.75, 1.5], "rotation": 180, "texture": "#3"},
				"east": {"uv": [0, 0, 2.75, 3.5], "rotation": 180, "texture": "#3"},
				"south": {"uv": [0, 0, 0.75, 1.5], "rotation": 180, "texture": "#3"},
				"west": {"uv": [0, 0, 0.25, 1.5], "rotation": 180, "texture": "#3"},
				"up": {"uv": [0, 0, 3.75, 2.75], "rotation": 180, "texture": "#3"},
				"down": {"uv": [0, 0, 0.75, 0.25], "rotation": 180, "texture": "#3"}
			}
		},
		{
			"from": [17.74375, 6.125, 7.9],
			"to": [18.54375, 6.975, 9.34375],
			"rotation": {"angle": 22.5, "axis": "y", "origin": [19.7, 0, 17.7]},
			"faces": {
				"north": {"uv": [0.75, 0, 0, 1.5], "rotation": 180, "texture": "#3"},
				"east": {"uv": [3.25, 0, 0, 4], "rotation": 180, "texture": "#3"},
				"south": {"uv": [0.75, 0, 0, 1.5], "rotation": 180, "texture": "#3"},
				"west": {"uv": [0.25, 0, 0, 1.5], "rotation": 180, "texture": "#3"},
				"up": {"uv": [0, 4.75, 4.75, 0], "rotation": 180, "texture": "#3"},
				"down": {"uv": [0, 0.25, 0.75, 0], "rotation": 180, "texture": "#3"}
			}
		},
		{
			"from": [17.49375, 5.875, 6.15],
			"to": [18.29375, 6.725, 8.59375],
			"rotation": {"angle": 22.5, "axis": "y", "origin": [19.7, 0, 17.7]},
			"faces": {
				"north": {"uv": [0.75, 0, 0, 1.5], "rotation": 180, "texture": "#3"},
				"east": {"uv": [2.25, 0, 0, 2.5], "rotation": 180, "texture": "#3"},
				"south": {"uv": [0.75, 0, 0, 1.5], "rotation": 180, "texture": "#3"},
				"west": {"uv": [0.25, 0, 0, 1.5], "rotation": 180, "texture": "#3"},
				"up": {"uv": [0, 2.25, 2.25, 0], "rotation": 180, "texture": "#3"},
				"down": {"uv": [0, 0.25, 0.75, 0], "rotation": 180, "texture": "#3"}
			}
		},
		{
			"from": [3.7, 0.9, 7.89375],
			"to": [4.9, 3.9, 14.00625],
			"rotation": {"angle": -22.5, "axis": "z", "origin": [9.7, 1.5, -20.7]},
			"faces": {
				"north": {"uv": [0, 0, 0.5, 1.25], "texture": "#0"},
				"east": {"uv": [0, 0, 7, 1.25], "texture": "#0"},
				"south": {"uv": [0, 0, 0.5, 1.25], "texture": "#0"},
				"west": {"uv": [0, 0, 7, 1.25], "texture": "#1"},
				"up": {"uv": [0, 0, 0.5, 7], "texture": "#0"},
				"down": {"uv": [0, 0, 0.5, 7], "texture": "#0"}
			}
		},
		{
			"from": [3.13125, 5.7, 7.8],
			"to": [6.7, 6.3, 14.1],
			"rotation": {"angle": 0, "axis": "z", "origin": [9.7, 1.5, -20.7]},
			"faces": {
				"north": {"uv": [0, 0, 0.25, 1.5], "rotation": 270, "texture": "#3"},
				"east": {"uv": [0, 0, 0.25, 7], "rotation": 90, "texture": "#3"},
				"south": {"uv": [0, 0, 0.25, 1.5], "rotation": 90, "texture": "#3"},
				"west": {"uv": [0, 0, 0.25, 7], "rotation": 90, "texture": "#3"},
				"up": {"uv": [0, 0, 7, 1.5], "rotation": 90, "texture": "#3"},
				"down": {"uv": [0, 0, 7, 1.5], "rotation": 90, "texture": "#0"}
			}
		},
		{
			"from": [4.9, 8.7, 7.8],
			"to": [5.5, 11.1, 14.1],
			"rotation": {"angle": 22.5, "axis": "z", "origin": [9.7, 1.5, -20.7]},
			"faces": {
				"north": {"uv": [0, 0, 0.25, 1], "texture": "#0"},
				"east": {"uv": [0, 0, 7, 1], "texture": "#3"},
				"south": {"uv": [0, 0, 0.25, 1], "texture": "#0"},
				"west": {"uv": [0, 0, 7, 1], "texture": "#3"},
				"up": {"uv": [0, 0, 0.25, 7], "texture": "#3"},
				"down": {"uv": [0, 0, 0.25, 7], "texture": "#3"}
			}
		},
		{
			"from": [1.54215, 8.96815, 7.8],
			"to": [2.14215, 12.56815, 14.1],
			"rotation": {"angle": 0, "axis": "z", "origin": [1.3, 3.9, -20.7]},
			"faces": {
				"north": {"uv": [0, 0, 0.25, 1.5], "texture": "#0"},
				"east": {"uv": [0, 0, 7, 1.5], "texture": "#3"},
				"south": {"uv": [0, 0, 0.25, 1.5], "texture": "#0"},
				"west": {"uv": [0, 0, 7, 1.5], "texture": "#3"},
				"up": {"uv": [0, 0, 0.25, 7], "texture": "#3"},
				"down": {"uv": [0, 0, 0.25, 7], "texture": "#3"}
			}
		},
		{
			"from": [1.3, 2.475, 12.9],
			"to": [4.3, 3.075, 13.5],
			"rotation": {"angle": -22.5, "axis": "z", "origin": [9.7, 1.5, -20.7]},
			"faces": {
				"north": {"uv": [0, 0, 1.25, 0.25], "texture": "#1"},
				"east": {"uv": [0, 0, 0.25, 0.25], "texture": "#1"},
				"south": {"uv": [0, 0, 1.25, 0.25], "texture": "#1"},
				"west": {"uv": [0, 0, 0.25, 0.25], "texture": "#1"},
				"up": {"uv": [0, 0, 1.25, 0.25], "texture": "#1"},
				"down": {"uv": [0, 0, 1.25, 0.25], "texture": "#1"}
			}
		},
		{
			"from": [3.1, 5.7, 13.6875],
			"to": [6.7, 7.5, 14.2875],
			"rotation": {"angle": 0, "axis": "z", "origin": [9.7, 1.5, -20.5125]},
			"faces": {
				"north": {"uv": [0, 0, 4.25, 5], "rotation": 270, "texture": "#3"},
				"east": {"uv": [0, 0, 0.75, 0.25], "rotation": 90, "texture": "#3"},
				"south": {"uv": [0, 0, 0.75, 1.5], "rotation": 90, "texture": "#0"},
				"west": {"uv": [0, 0, 0.75, 0.25], "rotation": 90, "texture": "#0"},
				"up": {"uv": [0, 0, 0.25, 1.5], "rotation": 90, "texture": "#3"},
				"down": {"uv": [0, 0, 0.25, 1.5], "rotation": 90, "texture": "#0"}
			}
		},
		{
			"from": [3.1, 5.7, 7.60625],
			"to": [6.7, 7.5, 8.20625],
			"rotation": {"angle": 0, "axis": "z", "origin": [9.7, 1.5, -20.79375]},
			"faces": {
				"north": {"uv": [0, 0, 0.75, 1.5], "rotation": 270, "texture": "#0"},
				"east": {"uv": [0, 0, 0.75, 0.25], "rotation": 90, "texture": "#3"},
				"south": {"uv": [0, 0, 12.75, 9], "rotation": 90, "texture": "#3"},
				"west": {"uv": [0, 0, 0.75, 0.25], "rotation": 90, "texture": "#0"},
				"up": {"uv": [0, 0, 0.25, 1.5], "rotation": 90, "texture": "#3"},
				"down": {"uv": [0, 0, 0.25, 1.5], "rotation": 90, "texture": "#3"}
			}
		},
		{
			"from": [5.4, 10, 7.60625],
			"to": [6.45, 11.1, 8.20625],
			"rotation": {"angle": 22.5, "axis": "z", "origin": [9.7, 1.5, -20.79375]},
			"faces": {
				"north": {"uv": [0, 0, 0.75, 1.5], "rotation": 180, "texture": "#0"},
				"east": {"uv": [0, 0, 0.25, 1.5], "rotation": 180, "texture": "#3"},
				"south": {"uv": [0, 0, 6.75, 5], "rotation": 180, "texture": "#3"},
				"west": {"uv": [0, 0, 0.25, 1.5], "rotation": 180, "texture": "#0"},
				"up": {"uv": [0, 0, 0.75, 0.25], "rotation": 180, "texture": "#3"},
				"down": {"uv": [0, 0, 0.75, 0.25], "rotation": 180, "texture": "#3"}
			}
		},
		{
			"from": [5.4, 10, 13.6875],
			"to": [6.45, 11.1, 14.2875],
			"rotation": {"angle": 22.5, "axis": "z", "origin": [9.7, 1.5, -20.5125]},
			"faces": {
				"north": {"uv": [0, 0, 2.75, 3.5], "rotation": 180, "texture": "#3"},
				"east": {"uv": [0, 0, 0.25, 1.5], "rotation": 180, "texture": "#3"},
				"south": {"uv": [0, 0, 0.75, 1.5], "rotation": 180, "texture": "#0"},
				"west": {"uv": [0, 0, 0.25, 1.5], "rotation": 180, "texture": "#0"},
				"up": {"uv": [0, 0, 0.75, 0.25], "rotation": 180, "texture": "#3"},
				"down": {"uv": [0, 0, 0.75, 0.25], "rotation": 180, "texture": "#3"}
			}
		},
		{
			"from": [1.9, 9.25, 7.60625],
			"to": [2.95, 12.6, 8.20625],
			"rotation": {"angle": 0, "axis": "z", "origin": [9.7, 1.5, -20.79375]},
			"faces": {
				"north": {"uv": [0, 0, 0.75, 1.5], "rotation": 180, "texture": "#0"},
				"east": {"uv": [0, 0, 0.25, 1.5], "rotation": 180, "texture": "#3"},
				"south": {"uv": [0, 0, 4.5, 4], "rotation": 180, "texture": "#3"},
				"west": {"uv": [0, 0, 0.25, 1.5], "rotation": 180, "texture": "#0"},
				"up": {"uv": [0, 0, 0.75, 0.25], "rotation": 180, "texture": "#3"},
				"down": {"uv": [0, 0, 0.75, 0.25], "rotation": 180, "texture": "#3"}
			}
		},
		{
			"from": [1.9, 9.25, 13.6875],
			"to": [2.95, 12.6, 14.2875],
			"rotation": {"angle": 0, "axis": "z", "origin": [9.7, 1.5, -20.5125]},
			"faces": {
				"north": {"uv": [0, 0, 3.75, 3.5], "rotation": 180, "texture": "#3"},
				"east": {"uv": [0, 0, 0.25, 1.5], "rotation": 180, "texture": "#3"},
				"south": {"uv": [0, 0, 0.75, 1.5], "rotation": 180, "texture": "#0"},
				"west": {"uv": [0, 0, 0.25, 1.5], "rotation": 180, "texture": "#0"},
				"up": {"uv": [0, 0, 0.75, 0.25], "rotation": 180, "texture": "#3"},
				"down": {"uv": [0, 0, 0.75, 0.25], "rotation": 180, "texture": "#3"}
			}
		},
		{
			"from": [1.54215, 12.46815, 9.05],
			"to": [2.14215, 13.56815, 12.85],
			"rotation": {"angle": 0, "axis": "z", "origin": [1.3, 3.9, -20.7]},
			"faces": {
				"north": {"uv": [0, 0, 0.25, 1.5], "texture": "#3"},
				"east": {"uv": [0, 0, 7, 1.5], "texture": "#3"},
				"south": {"uv": [0, 0, 0.25, 1.5], "texture": "#3"},
				"west": {"uv": [0, 0, 7, 1.5], "texture": "#3"},
				"up": {"uv": [0, 0, 0.25, 7], "texture": "#3"},
				"down": {"uv": [0, 0, 0.25, 7], "texture": "#3"}
			}
		},
		{
			"from": [16.99375, 7.375, 11.40625],
			"to": [17.79375, 8.225, 13.85],
			"rotation": {"angle": -22.5, "axis": "y", "origin": [9.7, 1.5, -20.7]},
			"faces": {
				"north": {"uv": [0, 0, 0.75, 1.5], "rotation": 180, "texture": "#3"},
				"east": {"uv": [0, 0, 3.75, 4], "rotation": 180, "texture": "#3"},
				"south": {"uv": [0, 0, 0.75, 1.5], "rotation": 180, "texture": "#3"},
				"west": {"uv": [0, 0, 0.25, 1.5], "rotation": 180, "texture": "#3"},
				"up": {"uv": [0, 0, 3.25, 3.25], "rotation": 180, "texture": "#3"},
				"down": {"uv": [0, 0, 0.75, 0.25], "rotation": 180, "texture": "#3"}
			}
		},
		{
			"from": [1.3, 2.475, 8.4],
			"to": [4.3, 3.075, 9],
			"rotation": {"angle": -22.5, "axis": "z", "origin": [9.7, 1.5, -20.7]},
			"faces": {
				"north": {"uv": [0, 0, 1.25, 0.25], "texture": "#1"},
				"east": {"uv": [0, 0, 0.25, 0.25], "texture": "#1"},
				"south": {"uv": [0, 0, 1.25, 0.25], "texture": "#1"},
				"west": {"uv": [0, 0, 0.25, 0.25], "texture": "#1"},
				"up": {"uv": [0, 0, 1.25, 0.25], "texture": "#1"},
				"down": {"uv": [0, 0, 1.25, 0.25], "texture": "#1"}
			}
		},
		{
			"from": [8.36875, 9.46875, 10.34375],
			"to": [9.41875, 10.13125, 11.5375],
			"rotation": {"angle": 22.5, "axis": "z", "origin": [9.7, 1.5, -20.7]},
			"faces": {
				"north": {"uv": [0, 0, 0.75, 1.5], "rotation": 180, "texture": "#3"},
				"east": {"uv": [0, 0, 1.75, 2], "rotation": 180, "texture": "#3"},
				"south": {"uv": [0, 0, 0.75, 1.5], "rotation": 180, "texture": "#3"},
				"west": {"uv": [0, 0, 0.25, 1.5], "rotation": 180, "texture": "#3"},
				"up": {"uv": [0, 0, 2.75, 3.75], "rotation": 180, "texture": "#3"},
				"down": {"uv": [0, 0, 0.75, 0.25], "rotation": 180, "texture": "#3"}
			}
		},
		{
			"from": [7.86875, 9.21875, 10.09375],
			"to": [8.91875, 10.06875, 11.7875],
			"rotation": {"angle": 22.5, "axis": "z", "origin": [9.7, 1.5, -20.7]},
			"faces": {
				"north": {"uv": [0, 0, 0.75, 1.5], "rotation": 180, "texture": "#3"},
				"east": {"uv": [0, 0, 5.75, 5], "rotation": 180, "texture": "#3"},
				"south": {"uv": [0, 0, 0.75, 1.5], "rotation": 180, "texture": "#3"},
				"west": {"uv": [0, 0, 0.25, 1.5], "rotation": 180, "texture": "#3"},
				"up": {"uv": [0, 0, 2.25, 2.25], "rotation": 180, "texture": "#3"},
				"down": {"uv": [0, 0, 0.75, 0.25], "rotation": 180, "texture": "#3"}
			}
		},
		{
			"from": [17.24375, 7.625, 10.65625],
			"to": [18.04375, 8.475, 12.1],
			"rotation": {"angle": -22.5, "axis": "y", "origin": [9.7, 1.5, -20.7]},
			"faces": {
				"north": {"uv": [0, 0, 0.75, 1.5], "rotation": 180, "texture": "#3"},
				"east": {"uv": [0, 0, 2.75, 3.5], "rotation": 180, "texture": "#3"},
				"south": {"uv": [0, 0, 0.75, 1.5], "rotation": 180, "texture": "#3"},
				"west": {"uv": [0, 0, 0.25, 1.5], "rotation": 180, "texture": "#3"},
				"up": {"uv": [0, 0, 3.75, 2.75], "rotation": 180, "texture": "#3"},
				"down": {"uv": [0, 0, 0.75, 0.25], "rotation": 180, "texture": "#3"}
			}
		},
		{
			"from": [7.74375, 7.625, 7.9],
			"to": [8.54375, 8.475, 9.34375],
			"rotation": {"angle": 22.5, "axis": "y", "origin": [9.7, 1.5, 17.7]},
			"faces": {
				"north": {"uv": [0.75, 0, 0, 1.5], "rotation": 180, "texture": "#3"},
				"east": {"uv": [3.25, 0, 0, 4], "rotation": 180, "texture": "#3"},
				"south": {"uv": [0.75, 0, 0, 1.5], "rotation": 180, "texture": "#3"},
				"west": {"uv": [0.25, 0, 0, 1.5], "rotation": 180, "texture": "#3"},
				"up": {"uv": [0, 4.75, 4.75, 0], "rotation": 180, "texture": "#3"},
				"down": {"uv": [0, 0.25, 0.75, 0], "rotation": 180, "texture": "#3"}
			}
		},
		{
			"from": [7.49375, 7.375, 6.15],
			"to": [8.29375, 8.225, 8.59375],
			"rotation": {"angle": 22.5, "axis": "y", "origin": [9.7, 1.5, 17.7]},
			"faces": {
				"north": {"uv": [0.75, 0, 0, 1.5], "rotation": 180, "texture": "#3"},
				"east": {"uv": [2.25, 0, 0, 2.5], "rotation": 180, "texture": "#3"},
				"south": {"uv": [0.75, 0, 0, 1.5], "rotation": 180, "texture": "#3"},
				"west": {"uv": [0.25, 0, 0, 1.5], "rotation": 180, "texture": "#3"},
				"up": {"uv": [0, 2.25, 2.25, 0], "rotation": 180, "texture": "#3"},
				"down": {"uv": [0, 0.25, 0.75, 0], "rotation": 180, "texture": "#3"}
			}
		},
		{
			"from": [-6.3, 2.4, 7.89375],
			"to": [-5.1, 5.4, 14.00625],
			"rotation": {"angle": -22.5, "axis": "z", "origin": [-0.3, 3, -20.7]},
			"faces": {
				"north": {"uv": [0, 0, 0.5, 1.25], "texture": "#0"},
				"east": {"uv": [0, 0, 7, 1.25], "texture": "#0"},
				"south": {"uv": [0, 0, 0.5, 1.25], "texture": "#0"},
				"west": {"uv": [0, 0, 7, 1.25], "texture": "#1"},
				"up": {"uv": [0, 0, 0.5, 7], "texture": "#0"},
				"down": {"uv": [0, 0, 0.5, 7], "texture": "#0"}
			}
		},
		{
			"from": [-6.86875, 7.2, 7.8],
			"to": [-3.3, 7.8, 14.1],
			"rotation": {"angle": 0, "axis": "z", "origin": [-0.3, 3, -20.7]},
			"faces": {
				"north": {"uv": [0, 0, 0.25, 1.5], "rotation": 270, "texture": "#3"},
				"east": {"uv": [0, 0, 0.25, 7], "rotation": 90, "texture": "#3"},
				"south": {"uv": [0, 0, 0.25, 1.5], "rotation": 90, "texture": "#3"},
				"west": {"uv": [0, 0, 0.25, 7], "rotation": 90, "texture": "#3"},
				"up": {"uv": [0, 0, 7, 1.5], "rotation": 90, "texture": "#3"},
				"down": {"uv": [0, 0, 7, 1.5], "rotation": 90, "texture": "#0"}
			}
		},
		{
			"from": [-5.1, 10.2, 7.8],
			"to": [-4.5, 12.6, 14.1],
			"rotation": {"angle": 22.5, "axis": "z", "origin": [-0.3, 3, -20.7]},
			"faces": {
				"north": {"uv": [0, 0, 0.25, 1], "texture": "#0"},
				"east": {"uv": [0, 0, 7, 1], "texture": "#3"},
				"south": {"uv": [0, 0, 0.25, 1], "texture": "#0"},
				"west": {"uv": [0, 0, 7, 1], "texture": "#3"},
				"up": {"uv": [0, 0, 0.25, 7], "texture": "#3"},
				"down": {"uv": [0, 0, 0.25, 7], "texture": "#3"}
			}
		},
		{
			"from": [-8.45785, 10.46815, 7.8],
			"to": [-7.85785, 14.06815, 14.1],
			"rotation": {"angle": 0, "axis": "z", "origin": [-8.7, 5.4, -20.7]},
			"faces": {
				"north": {"uv": [0, 0, 0.25, 1.5], "texture": "#0"},
				"east": {"uv": [0, 0, 7, 1.5], "texture": "#3"},
				"south": {"uv": [0, 0, 0.25, 1.5], "texture": "#0"},
				"west": {"uv": [0, 0, 7, 1.5], "texture": "#3"},
				"up": {"uv": [0, 0, 0.25, 7], "texture": "#3"},
				"down": {"uv": [0, 0, 0.25, 7], "texture": "#3"}
			}
		},
		{
			"from": [-8.7, 3.975, 12.9],
			"to": [-5.7, 4.575, 13.5],
			"rotation": {"angle": -22.5, "axis": "z", "origin": [-0.3, 3, -20.7]},
			"faces": {
				"north": {"uv": [0, 0, 1.25, 0.25], "texture": "#1"},
				"east": {"uv": [0, 0, 0.25, 0.25], "texture": "#1"},
				"south": {"uv": [0, 0, 1.25, 0.25], "texture": "#1"},
				"west": {"uv": [0, 0, 0.25, 0.25], "texture": "#1"},
				"up": {"uv": [0, 0, 1.25, 0.25], "texture": "#1"},
				"down": {"uv": [0, 0, 1.25, 0.25], "texture": "#1"}
			}
		},
		{
			"from": [-6.9, 7.2, 13.6875],
			"to": [-3.3, 9, 14.2875],
			"rotation": {"angle": 0, "axis": "z", "origin": [-0.3, 3, -20.5125]},
			"faces": {
				"north": {"uv": [0, 0, 4.25, 5], "rotation": 270, "texture": "#3"},
				"east": {"uv": [0, 0, 0.75, 0.25], "rotation": 90, "texture": "#3"},
				"south": {"uv": [0, 0, 0.75, 1.5], "rotation": 90, "texture": "#0"},
				"west": {"uv": [0, 0, 0.75, 0.25], "rotation": 90, "texture": "#0"},
				"up": {"uv": [0, 0, 0.25, 1.5], "rotation": 90, "texture": "#3"},
				"down": {"uv": [0, 0, 0.25, 1.5], "rotation": 90, "texture": "#0"}
			}
		},
		{
			"from": [-6.9, 7.2, 7.60625],
			"to": [-3.3, 9, 8.20625],
			"rotation": {"angle": 0, "axis": "z", "origin": [-0.3, 3, -20.79375]},
			"faces": {
				"north": {"uv": [0, 0, 0.75, 1.5], "rotation": 270, "texture": "#0"},
				"east": {"uv": [0, 0, 0.75, 0.25], "rotation": 90, "texture": "#3"},
				"south": {"uv": [0, 0, 12.75, 9], "rotation": 90, "texture": "#3"},
				"west": {"uv": [0, 0, 0.75, 0.25], "rotation": 90, "texture": "#0"},
				"up": {"uv": [0, 0, 0.25, 1.5], "rotation": 90, "texture": "#3"},
				"down": {"uv": [0, 0, 0.25, 1.5], "rotation": 90, "texture": "#3"}
			}
		},
		{
			"from": [-4.6, 11.5, 7.60625],
			"to": [-3.55, 12.6, 8.20625],
			"rotation": {"angle": 22.5, "axis": "z", "origin": [-0.3, 3, -20.79375]},
			"faces": {
				"north": {"uv": [0, 0, 0.75, 1.5], "rotation": 180, "texture": "#0"},
				"east": {"uv": [0, 0, 0.25, 1.5], "rotation": 180, "texture": "#3"},
				"south": {"uv": [0, 0, 6.75, 5], "rotation": 180, "texture": "#3"},
				"west": {"uv": [0, 0, 0.25, 1.5], "rotation": 180, "texture": "#0"},
				"up": {"uv": [0, 0, 0.75, 0.25], "rotation": 180, "texture": "#3"},
				"down": {"uv": [0, 0, 0.75, 0.25], "rotation": 180, "texture": "#3"}
			}
		},
		{
			"from": [-4.6, 11.5, 13.6875],
			"to": [-3.55, 12.6, 14.2875],
			"rotation": {"angle": 22.5, "axis": "z", "origin": [-0.3, 3, -20.5125]},
			"faces": {
				"north": {"uv": [0, 0, 2.75, 3.5], "rotation": 180, "texture": "#3"},
				"east": {"uv": [0, 0, 0.25, 1.5], "rotation": 180, "texture": "#3"},
				"south": {"uv": [0, 0, 0.75, 1.5], "rotation": 180, "texture": "#0"},
				"west": {"uv": [0, 0, 0.25, 1.5], "rotation": 180, "texture": "#0"},
				"up": {"uv": [0, 0, 0.75, 0.25], "rotation": 180, "texture": "#3"},
				"down": {"uv": [0, 0, 0.75, 0.25], "rotation": 180, "texture": "#3"}
			}
		},
		{
			"from": [-8.1, 10.75, 7.60625],
			"to": [-7.05, 14.1, 8.20625],
			"rotation": {"angle": 0, "axis": "z", "origin": [-0.3, 3, -20.79375]},
			"faces": {
				"north": {"uv": [0, 0, 0.75, 1.5], "rotation": 180, "texture": "#0"},
				"east": {"uv": [0, 0, 0.25, 1.5], "rotation": 180, "texture": "#3"},
				"south": {"uv": [0, 0, 4.5, 4], "rotation": 180, "texture": "#3"},
				"west": {"uv": [0, 0, 0.25, 1.5], "rotation": 180, "texture": "#0"},
				"up": {"uv": [0, 0, 0.75, 0.25], "rotation": 180, "texture": "#3"},
				"down": {"uv": [0, 0, 0.75, 0.25], "rotation": 180, "texture": "#3"}
			}
		},
		{
			"from": [-8.1, 10.75, 13.6875],
			"to": [-7.05, 14.1, 14.2875],
			"rotation": {"angle": 0, "axis": "z", "origin": [-0.3, 3, -20.5125]},
			"faces": {
				"north": {"uv": [0, 0, 3.75, 3.5], "rotation": 180, "texture": "#3"},
				"east": {"uv": [0, 0, 0.25, 1.5], "rotation": 180, "texture": "#3"},
				"south": {"uv": [0, 0, 0.75, 1.5], "rotation": 180, "texture": "#0"},
				"west": {"uv": [0, 0, 0.25, 1.5], "rotation": 180, "texture": "#0"},
				"up": {"uv": [0, 0, 0.75, 0.25], "rotation": 180, "texture": "#3"},
				"down": {"uv": [0, 0, 0.75, 0.25], "rotation": 180, "texture": "#3"}
			}
		},
		{
			"from": [-8.45785, 13.96815, 9.05],
			"to": [-7.85785, 15.06815, 12.85],
			"rotation": {"angle": 0, "axis": "z", "origin": [-8.7, 5.4, -20.7]},
			"faces": {
				"north": {"uv": [0, 0, 0.25, 1.5], "texture": "#3"},
				"east": {"uv": [0, 0, 7, 1.5], "texture": "#3"},
				"south": {"uv": [0, 0, 0.25, 1.5], "texture": "#3"},
				"west": {"uv": [0, 0, 7, 1.5], "texture": "#3"},
				"up": {"uv": [0, 0, 0.25, 7], "texture": "#3"},
				"down": {"uv": [0, 0, 0.25, 7], "texture": "#3"}
			}
		},
		{
			"from": [6.99375, 8.875, 11.40625],
			"to": [7.79375, 9.725, 13.85],
			"rotation": {"angle": -22.5, "axis": "y", "origin": [-0.3, 3, -20.7]},
			"faces": {
				"north": {"uv": [0, 0, 0.75, 1.5], "rotation": 180, "texture": "#3"},
				"east": {"uv": [0, 0, 3.75, 4], "rotation": 180, "texture": "#3"},
				"south": {"uv": [0, 0, 0.75, 1.5], "rotation": 180, "texture": "#3"},
				"west": {"uv": [0, 0, 0.25, 1.5], "rotation": 180, "texture": "#3"},
				"up": {"uv": [0, 0, 3.25, 3.25], "rotation": 180, "texture": "#3"},
				"down": {"uv": [0, 0, 0.75, 0.25], "rotation": 180, "texture": "#3"}
			}
		},
		{
			"from": [-8.7, 3.975, 8.4],
			"to": [-5.7, 4.575, 9],
			"rotation": {"angle": -22.5, "axis": "z", "origin": [-0.3, 3, -20.7]},
			"faces": {
				"north": {"uv": [0, 0, 1.25, 0.25], "texture": "#1"},
				"east": {"uv": [0, 0, 0.25, 0.25], "texture": "#1"},
				"south": {"uv": [0, 0, 1.25, 0.25], "texture": "#1"},
				"west": {"uv": [0, 0, 0.25, 0.25], "texture": "#1"},
				"up": {"uv": [0, 0, 1.25, 0.25], "texture": "#1"},
				"down": {"uv": [0, 0, 1.25, 0.25], "texture": "#1"}
			}
		},
		{
			"from": [-1.63125, 10.96875, 10.34375],
			"to": [-0.58125, 11.63125, 11.5375],
			"rotation": {"angle": 22.5, "axis": "z", "origin": [-0.3, 3, -20.7]},
			"faces": {
				"north": {"uv": [0, 0, 0.75, 1.5], "rotation": 180, "texture": "#3"},
				"east": {"uv": [0, 0, 1.75, 2], "rotation": 180, "texture": "#3"},
				"south": {"uv": [0, 0, 0.75, 1.5], "rotation": 180, "texture": "#3"},
				"west": {"uv": [0, 0, 0.25, 1.5], "rotation": 180, "texture": "#3"},
				"up": {"uv": [0, 0, 2.75, 3.75], "rotation": 180, "texture": "#3"},
				"down": {"uv": [0, 0, 0.75, 0.25], "rotation": 180, "texture": "#3"}
			}
		},
		{
			"from": [-2.13125, 10.71875, 10.09375],
			"to": [-1.08125, 11.56875, 11.7875],
			"rotation": {"angle": 22.5, "axis": "z", "origin": [-0.3, 3, -20.7]},
			"faces": {
				"north": {"uv": [0, 0, 0.75, 1.5], "rotation": 180, "texture": "#3"},
				"east": {"uv": [0, 0, 5.75, 5], "rotation": 180, "texture": "#3"},
				"south": {"uv": [0, 0, 0.75, 1.5], "rotation": 180, "texture": "#3"},
				"west": {"uv": [0, 0, 0.25, 1.5], "rotation": 180, "texture": "#3"},
				"up": {"uv": [0, 0, 2.25, 2.25], "rotation": 180, "texture": "#3"},
				"down": {"uv": [0, 0, 0.75, 0.25], "rotation": 180, "texture": "#3"}
			}
		},
		{
			"from": [7.24375, 9.125, 10.65625],
			"to": [8.04375, 9.975, 12.1],
			"rotation": {"angle": -22.5, "axis": "y", "origin": [-0.3, 3, -20.7]},
			"faces": {
				"north": {"uv": [0, 0, 0.75, 1.5], "rotation": 180, "texture": "#3"},
				"east": {"uv": [0, 0, 2.75, 3.5], "rotation": 180, "texture": "#3"},
				"south": {"uv": [0, 0, 0.75, 1.5], "rotation": 180, "texture": "#3"},
				"west": {"uv": [0, 0, 0.25, 1.5], "rotation": 180, "texture": "#3"},
				"up": {"uv": [0, 0, 3.75, 2.75], "rotation": 180, "texture": "#3"},
				"down": {"uv": [0, 0, 0.75, 0.25], "rotation": 180, "texture": "#3"}
			}
		},
		{
			"from": [-2.25625, 9.125, 7.9],
			"to": [-1.45625, 9.975, 9.34375],
			"rotation": {"angle": 22.5, "axis": "y", "origin": [-0.3, 3, 17.7]},
			"faces": {
				"north": {"uv": [0.75, 0, 0, 1.5], "rotation": 180, "texture": "#3"},
				"east": {"uv": [3.25, 0, 0, 4], "rotation": 180, "texture": "#3"},
				"south": {"uv": [0.75, 0, 0, 1.5], "rotation": 180, "texture": "#3"},
				"west": {"uv": [0.25, 0, 0, 1.5], "rotation": 180, "texture": "#3"},
				"up": {"uv": [0, 4.75, 4.75, 0], "rotation": 180, "texture": "#3"},
				"down": {"uv": [0, 0.25, 0.75, 0], "rotation": 180, "texture": "#3"}
			}
		},
		{
			"from": [-2.50625, 8.875, 6.15],
			"to": [-1.70625, 9.725, 8.59375],
			"rotation": {"angle": 22.5, "axis": "y", "origin": [-0.3, 3, 17.7]},
			"faces": {
				"north": {"uv": [0.75, 0, 0, 1.5], "rotation": 180, "texture": "#3"},
				"east": {"uv": [2.25, 0, 0, 2.5], "rotation": 180, "texture": "#3"},
				"south": {"uv": [0.75, 0, 0, 1.5], "rotation": 180, "texture": "#3"},
				"west": {"uv": [0.25, 0, 0, 1.5], "rotation": 180, "texture": "#3"},
				"up": {"uv": [0, 2.25, 2.25, 0], "rotation": 180, "texture": "#3"},
				"down": {"uv": [0, 0.25, 0.75, 0], "rotation": 180, "texture": "#3"}
			}
		},
		{
			"from": [13.7, -0.6, 16.39375],
			"to": [14.9, 2.4, 22.50625],
			"rotation": {"angle": -22.5, "axis": "z", "origin": [19.7, 0, -12.2]},
			"faces": {
				"north": {"uv": [0, 0, 0.5, 1.25], "texture": "#0"},
				"east": {"uv": [0, 0, 7, 1.25], "texture": "#0"},
				"south": {"uv": [0, 0, 0.5, 1.25], "texture": "#0"},
				"west": {"uv": [0, 0, 7, 1.25], "texture": "#1"},
				"up": {"uv": [0, 0, 0.5, 7], "texture": "#0"},
				"down": {"uv": [0, 0, 0.5, 7], "texture": "#0"}
			}
		},
		{
			"from": [13.13125, 4.2, 16.3],
			"to": [16.7, 4.8, 22.6],
			"rotation": {"angle": 0, "axis": "z", "origin": [19.7, 0, -12.2]},
			"faces": {
				"north": {"uv": [0, 0, 0.25, 1.5], "rotation": 270, "texture": "#3"},
				"east": {"uv": [0, 0, 0.25, 7], "rotation": 90, "texture": "#3"},
				"south": {"uv": [0, 0, 0.25, 1.5], "rotation": 90, "texture": "#3"},
				"west": {"uv": [0, 0, 0.25, 7], "rotation": 90, "texture": "#3"},
				"up": {"uv": [0, 0, 7, 1.5], "rotation": 90, "texture": "#3"},
				"down": {"uv": [0, 0, 7, 1.5], "rotation": 90, "texture": "#0"}
			}
		},
		{
			"from": [14.9, 7.2, 16.3],
			"to": [15.5, 9.6, 22.6],
			"rotation": {"angle": 22.5, "axis": "z", "origin": [19.7, 0, -12.2]},
			"faces": {
				"north": {"uv": [0, 0, 0.25, 1], "texture": "#0"},
				"east": {"uv": [0, 0, 7, 1], "texture": "#3"},
				"south": {"uv": [0, 0, 0.25, 1], "texture": "#0"},
				"west": {"uv": [0, 0, 7, 1], "texture": "#3"},
				"up": {"uv": [0, 0, 0.25, 7], "texture": "#3"},
				"down": {"uv": [0, 0, 0.25, 7], "texture": "#3"}
			}
		},
		{
			"from": [11.54215, 7.46815, 16.3],
			"to": [12.14215, 11.06815, 22.6],
			"rotation": {"angle": 0, "axis": "z", "origin": [11.3, 2.4, -12.2]},
			"faces": {
				"north": {"uv": [0, 0, 0.25, 1.5], "texture": "#0"},
				"east": {"uv": [0, 0, 7, 1.5], "texture": "#3"},
				"south": {"uv": [0, 0, 0.25, 1.5], "texture": "#0"},
				"west": {"uv": [0, 0, 7, 1.5], "texture": "#3"},
				"up": {"uv": [0, 0, 0.25, 7], "texture": "#3"},
				"down": {"uv": [0, 0, 0.25, 7], "texture": "#3"}
			}
		},
		{
			"from": [11.3, 0.975, 21.4],
			"to": [14.3, 1.575, 22],
			"rotation": {"angle": -22.5, "axis": "z", "origin": [19.7, 0, -12.2]},
			"faces": {
				"north": {"uv": [0, 0, 1.25, 0.25], "texture": "#1"},
				"east": {"uv": [0, 0, 0.25, 0.25], "texture": "#1"},
				"south": {"uv": [0, 0, 1.25, 0.25], "texture": "#1"},
				"west": {"uv": [0, 0, 0.25, 0.25], "texture": "#1"},
				"up": {"uv": [0, 0, 1.25, 0.25], "texture": "#1"},
				"down": {"uv": [0, 0, 1.25, 0.25], "texture": "#1"}
			}
		},
		{
			"from": [13.1, 4.2, 22.1875],
			"to": [16.7, 6, 22.7875],
			"rotation": {"angle": 0, "axis": "z", "origin": [19.7, 0, -12.0125]},
			"faces": {
				"north": {"uv": [0, 0, 4.25, 5], "rotation": 270, "texture": "#3"},
				"east": {"uv": [0, 0, 0.75, 0.25], "rotation": 90, "texture": "#3"},
				"south": {"uv": [0, 0, 0.75, 1.5], "rotation": 90, "texture": "#0"},
				"west": {"uv": [0, 0, 0.75, 0.25], "rotation": 90, "texture": "#0"},
				"up": {"uv": [0, 0, 0.25, 1.5], "rotation": 90, "texture": "#3"},
				"down": {"uv": [0, 0, 0.25, 1.5], "rotation": 90, "texture": "#0"}
			}
		},
		{
			"from": [13.1, 4.2, 16.10625],
			"to": [16.7, 6, 16.70625],
			"rotation": {"angle": 0, "axis": "z", "origin": [19.7, 0, -12.29375]},
			"faces": {
				"north": {"uv": [0, 0, 0.75, 1.5], "rotation": 270, "texture": "#0"},
				"east": {"uv": [0, 0, 0.75, 0.25], "rotation": 90, "texture": "#3"},
				"south": {"uv": [0, 0, 12.75, 9], "rotation": 90, "texture": "#3"},
				"west": {"uv": [0, 0, 0.75, 0.25], "rotation": 90, "texture": "#0"},
				"up": {"uv": [0, 0, 0.25, 1.5], "rotation": 90, "texture": "#3"},
				"down": {"uv": [0, 0, 0.25, 1.5], "rotation": 90, "texture": "#3"}
			}
		},
		{
			"from": [15.4, 8.5, 16.10625],
			"to": [16.45, 9.6, 16.70625],
			"rotation": {"angle": 22.5, "axis": "z", "origin": [19.7, 0, -12.29375]},
			"faces": {
				"north": {"uv": [0, 0, 0.75, 1.5], "rotation": 180, "texture": "#0"},
				"east": {"uv": [0, 0, 0.25, 1.5], "rotation": 180, "texture": "#3"},
				"south": {"uv": [0, 0, 6.75, 5], "rotation": 180, "texture": "#3"},
				"west": {"uv": [0, 0, 0.25, 1.5], "rotation": 180, "texture": "#0"},
				"up": {"uv": [0, 0, 0.75, 0.25], "rotation": 180, "texture": "#3"},
				"down": {"uv": [0, 0, 0.75, 0.25], "rotation": 180, "texture": "#3"}
			}
		},
		{
			"from": [15.4, 8.5, 22.1875],
			"to": [16.45, 9.6, 22.7875],
			"rotation": {"angle": 22.5, "axis": "z", "origin": [19.7, 0, -12.0125]},
			"faces": {
				"north": {"uv": [0, 0, 2.75, 3.5], "rotation": 180, "texture": "#3"},
				"east": {"uv": [0, 0, 0.25, 1.5], "rotation": 180, "texture": "#3"},
				"south": {"uv": [0, 0, 0.75, 1.5], "rotation": 180, "texture": "#0"},
				"west": {"uv": [0, 0, 0.25, 1.5], "rotation": 180, "texture": "#0"},
				"up": {"uv": [0, 0, 0.75, 0.25], "rotation": 180, "texture": "#3"},
				"down": {"uv": [0, 0, 0.75, 0.25], "rotation": 180, "texture": "#3"}
			}
		},
		{
			"from": [11.9, 7.75, 16.10625],
			"to": [12.95, 11.1, 16.70625],
			"rotation": {"angle": 0, "axis": "z", "origin": [19.7, 0, -12.29375]},
			"faces": {
				"north": {"uv": [0, 0, 0.75, 1.5], "rotation": 180, "texture": "#0"},
				"east": {"uv": [0, 0, 0.25, 1.5], "rotation": 180, "texture": "#3"},
				"south": {"uv": [0, 0, 4.5, 4], "rotation": 180, "texture": "#3"},
				"west": {"uv": [0, 0, 0.25, 1.5], "rotation": 180, "texture": "#0"},
				"up": {"uv": [0, 0, 0.75, 0.25], "rotation": 180, "texture": "#3"},
				"down": {"uv": [0, 0, 0.75, 0.25], "rotation": 180, "texture": "#3"}
			}
		},
		{
			"from": [11.9, 7.75, 22.1875],
			"to": [12.95, 11.1, 22.7875],
			"rotation": {"angle": 0, "axis": "z", "origin": [19.7, 0, -12.0125]},
			"faces": {
				"north": {"uv": [0, 0, 3.75, 3.5], "rotation": 180, "texture": "#3"},
				"east": {"uv": [0, 0, 0.25, 1.5], "rotation": 180, "texture": "#3"},
				"south": {"uv": [0, 0, 0.75, 1.5], "rotation": 180, "texture": "#0"},
				"west": {"uv": [0, 0, 0.25, 1.5], "rotation": 180, "texture": "#0"},
				"up": {"uv": [0, 0, 0.75, 0.25], "rotation": 180, "texture": "#3"},
				"down": {"uv": [0, 0, 0.75, 0.25], "rotation": 180, "texture": "#3"}
			}
		},
		{
			"from": [11.54215, 10.96815, 17.55],
			"to": [12.14215, 12.06815, 21.35],
			"rotation": {"angle": 0, "axis": "z", "origin": [11.3, 2.4, -12.2]},
			"faces": {
				"north": {"uv": [0, 0, 0.25, 1.5], "texture": "#3"},
				"east": {"uv": [0, 0, 7, 1.5], "texture": "#3"},
				"south": {"uv": [0, 0, 0.25, 1.5], "texture": "#3"},
				"west": {"uv": [0, 0, 7, 1.5], "texture": "#3"},
				"up": {"uv": [0, 0, 0.25, 7], "texture": "#3"},
				"down": {"uv": [0, 0, 0.25, 7], "texture": "#3"}
			}
		},
		{
			"from": [26.99375, 5.875, 19.90625],
			"to": [27.79375, 6.725, 22.35],
			"rotation": {"angle": -22.5, "axis": "y", "origin": [19.7, 0, -12.2]},
			"faces": {
				"north": {"uv": [0, 0, 0.75, 1.5], "rotation": 180, "texture": "#3"},
				"east": {"uv": [0, 0, 3.75, 4], "rotation": 180, "texture": "#3"},
				"south": {"uv": [0, 0, 0.75, 1.5], "rotation": 180, "texture": "#3"},
				"west": {"uv": [0, 0, 0.25, 1.5], "rotation": 180, "texture": "#3"},
				"up": {"uv": [0, 0, 3.25, 3.25], "rotation": 180, "texture": "#3"},
				"down": {"uv": [0, 0, 0.75, 0.25], "rotation": 180, "texture": "#3"}
			}
		},
		{
			"from": [11.3, 0.975, 16.9],
			"to": [14.3, 1.575, 17.5],
			"rotation": {"angle": -22.5, "axis": "z", "origin": [19.7, 0, -12.2]},
			"faces": {
				"north": {"uv": [0, 0, 1.25, 0.25], "texture": "#1"},
				"east": {"uv": [0, 0, 0.25, 0.25], "texture": "#1"},
				"south": {"uv": [0, 0, 1.25, 0.25], "texture": "#1"},
				"west": {"uv": [0, 0, 0.25, 0.25], "texture": "#1"},
				"up": {"uv": [0, 0, 1.25, 0.25], "texture": "#1"},
				"down": {"uv": [0, 0, 1.25, 0.25], "texture": "#1"}
			}
		},
		{
			"from": [18.36875, 7.96875, 18.84375],
			"to": [19.41875, 8.63125, 20.0375],
			"rotation": {"angle": 22.5, "axis": "z", "origin": [19.7, 0, -12.2]},
			"faces": {
				"north": {"uv": [0, 0, 0.75, 1.5], "rotation": 180, "texture": "#3"},
				"east": {"uv": [0, 0, 1.75, 2], "rotation": 180, "texture": "#3"},
				"south": {"uv": [0, 0, 0.75, 1.5], "rotation": 180, "texture": "#3"},
				"west": {"uv": [0, 0, 0.25, 1.5], "rotation": 180, "texture": "#3"},
				"up": {"uv": [0, 0, 2.75, 3.75], "rotation": 180, "texture": "#3"},
				"down": {"uv": [0, 0, 0.75, 0.25], "rotation": 180, "texture": "#3"}
			}
		},
		{
			"from": [17.86875, 7.71875, 18.59375],
			"to": [18.91875, 8.56875, 20.2875],
			"rotation": {"angle": 22.5, "axis": "z", "origin": [19.7, 0, -12.2]},
			"faces": {
				"north": {"uv": [0, 0, 0.75, 1.5], "rotation": 180, "texture": "#3"},
				"east": {"uv": [0, 0, 5.75, 5], "rotation": 180, "texture": "#3"},
				"south": {"uv": [0, 0, 0.75, 1.5], "rotation": 180, "texture": "#3"},
				"west": {"uv": [0, 0, 0.25, 1.5], "rotation": 180, "texture": "#3"},
				"up": {"uv": [0, 0, 2.25, 2.25], "rotation": 180, "texture": "#3"},
				"down": {"uv": [0, 0, 0.75, 0.25], "rotation": 180, "texture": "#3"}
			}
		},
		{
			"from": [27.24375, 6.125, 19.15625],
			"to": [28.04375, 6.975, 20.6],
			"rotation": {"angle": -22.5, "axis": "y", "origin": [19.7, 0, -12.2]},
			"faces": {
				"north": {"uv": [0, 0, 0.75, 1.5], "rotation": 180, "texture": "#3"},
				"east": {"uv": [0, 0, 2.75, 3.5], "rotation": 180, "texture": "#3"},
				"south": {"uv": [0, 0, 0.75, 1.5], "rotation": 180, "texture": "#3"},
				"west": {"uv": [0, 0, 0.25, 1.5], "rotation": 180, "texture": "#3"},
				"up": {"uv": [0, 0, 3.75, 2.75], "rotation": 180, "texture": "#3"},
				"down": {"uv": [0, 0, 0.75, 0.25], "rotation": 180, "texture": "#3"}
			}
		},
		{
			"from": [17.74375, 6.125, 16.4],
			"to": [18.54375, 6.975, 17.84375],
			"rotation": {"angle": 22.5, "axis": "y", "origin": [19.7, 0, 26.2]},
			"faces": {
				"north": {"uv": [0.75, 0, 0, 1.5], "rotation": 180, "texture": "#3"},
				"east": {"uv": [3.25, 0, 0, 4], "rotation": 180, "texture": "#3"},
				"south": {"uv": [0.75, 0, 0, 1.5], "rotation": 180, "texture": "#3"},
				"west": {"uv": [0.25, 0, 0, 1.5], "rotation": 180, "texture": "#3"},
				"up": {"uv": [0, 4.75, 4.75, 0], "rotation": 180, "texture": "#3"},
				"down": {"uv": [0, 0.25, 0.75, 0], "rotation": 180, "texture": "#3"}
			}
		},
		{
			"from": [17.49375, 5.875, 14.65],
			"to": [18.29375, 6.725, 17.09375],
			"rotation": {"angle": 22.5, "axis": "y", "origin": [19.7, 0, 26.2]},
			"faces": {
				"north": {"uv": [0.75, 0, 0, 1.5], "rotation": 180, "texture": "#3"},
				"east": {"uv": [2.25, 0, 0, 2.5], "rotation": 180, "texture": "#3"},
				"south": {"uv": [0.75, 0, 0, 1.5], "rotation": 180, "texture": "#3"},
				"west": {"uv": [0.25, 0, 0, 1.5], "rotation": 180, "texture": "#3"},
				"up": {"uv": [0, 2.25, 2.25, 0], "rotation": 180, "texture": "#3"},
				"down": {"uv": [0, 0.25, 0.75, 0], "rotation": 180, "texture": "#3"}
			}
		},
		{
			"from": [3.7, 0.9, 16.39375],
			"to": [4.9, 3.9, 22.50625],
			"rotation": {"angle": -22.5, "axis": "z", "origin": [9.7, 1.5, -12.2]},
			"faces": {
				"north": {"uv": [0, 0, 0.5, 1.25], "texture": "#0"},
				"east": {"uv": [0, 0, 7, 1.25], "texture": "#0"},
				"south": {"uv": [0, 0, 0.5, 1.25], "texture": "#0"},
				"west": {"uv": [0, 0, 7, 1.25], "texture": "#1"},
				"up": {"uv": [0, 0, 0.5, 7], "texture": "#0"},
				"down": {"uv": [0, 0, 0.5, 7], "texture": "#0"}
			}
		},
		{
			"from": [3.13125, 5.7, 16.3],
			"to": [6.7, 6.3, 22.6],
			"rotation": {"angle": 0, "axis": "z", "origin": [9.7, 1.5, -12.2]},
			"faces": {
				"north": {"uv": [0, 0, 0.25, 1.5], "rotation": 270, "texture": "#3"},
				"east": {"uv": [0, 0, 0.25, 7], "rotation": 90, "texture": "#3"},
				"south": {"uv": [0, 0, 0.25, 1.5], "rotation": 90, "texture": "#3"},
				"west": {"uv": [0, 0, 0.25, 7], "rotation": 90, "texture": "#3"},
				"up": {"uv": [0, 0, 7, 1.5], "rotation": 90, "texture": "#3"},
				"down": {"uv": [0, 0, 7, 1.5], "rotation": 90, "texture": "#0"}
			}
		},
		{
			"from": [4.9, 8.7, 16.3],
			"to": [5.5, 11.1, 22.6],
			"rotation": {"angle": 22.5, "axis": "z", "origin": [9.7, 1.5, -12.2]},
			"faces": {
				"north": {"uv": [0, 0, 0.25, 1], "texture": "#0"},
				"east": {"uv": [0, 0, 7, 1], "texture": "#3"},
				"south": {"uv": [0, 0, 0.25, 1], "texture": "#0"},
				"west": {"uv": [0, 0, 7, 1], "texture": "#3"},
				"up": {"uv": [0, 0, 0.25, 7], "texture": "#3"},
				"down": {"uv": [0, 0, 0.25, 7], "texture": "#3"}
			}
		},
		{
			"from": [1.54215, 8.96815, 16.3],
			"to": [2.14215, 12.56815, 22.6],
			"rotation": {"angle": 0, "axis": "z", "origin": [1.3, 3.9, -12.2]},
			"faces": {
				"north": {"uv": [0, 0, 0.25, 1.5], "texture": "#0"},
				"east": {"uv": [0, 0, 7, 1.5], "texture": "#3"},
				"south": {"uv": [0, 0, 0.25, 1.5], "texture": "#0"},
				"west": {"uv": [0, 0, 7, 1.5], "texture": "#3"},
				"up": {"uv": [0, 0, 0.25, 7], "texture": "#3"},
				"down": {"uv": [0, 0, 0.25, 7], "texture": "#3"}
			}
		},
		{
			"from": [1.3, 2.475, 21.4],
			"to": [4.3, 3.075, 22],
			"rotation": {"angle": -22.5, "axis": "z", "origin": [9.7, 1.5, -12.2]},
			"faces": {
				"north": {"uv": [0, 0, 1.25, 0.25], "texture": "#1"},
				"east": {"uv": [0, 0, 0.25, 0.25], "texture": "#1"},
				"south": {"uv": [0, 0, 1.25, 0.25], "texture": "#1"},
				"west": {"uv": [0, 0, 0.25, 0.25], "texture": "#1"},
				"up": {"uv": [0, 0, 1.25, 0.25], "texture": "#1"},
				"down": {"uv": [0, 0, 1.25, 0.25], "texture": "#1"}
			}
		},
		{
			"from": [3.1, 5.7, 22.1875],
			"to": [6.7, 7.5, 22.7875],
			"rotation": {"angle": 0, "axis": "z", "origin": [9.7, 1.5, -12.0125]},
			"faces": {
				"north": {"uv": [0, 0, 4.25, 5], "rotation": 270, "texture": "#3"},
				"east": {"uv": [0, 0, 0.75, 0.25], "rotation": 90, "texture": "#3"},
				"south": {"uv": [0, 0, 0.75, 1.5], "rotation": 90, "texture": "#0"},
				"west": {"uv": [0, 0, 0.75, 0.25], "rotation": 90, "texture": "#0"},
				"up": {"uv": [0, 0, 0.25, 1.5], "rotation": 90, "texture": "#3"},
				"down": {"uv": [0, 0, 0.25, 1.5], "rotation": 90, "texture": "#0"}
			}
		},
		{
			"from": [3.1, 5.7, 16.10625],
			"to": [6.7, 7.5, 16.70625],
			"rotation": {"angle": 0, "axis": "z", "origin": [9.7, 1.5, -12.29375]},
			"faces": {
				"north": {"uv": [0, 0, 0.75, 1.5], "rotation": 270, "texture": "#0"},
				"east": {"uv": [0, 0, 0.75, 0.25], "rotation": 90, "texture": "#3"},
				"south": {"uv": [0, 0, 12.75, 9], "rotation": 90, "texture": "#3"},
				"west": {"uv": [0, 0, 0.75, 0.25], "rotation": 90, "texture": "#0"},
				"up": {"uv": [0, 0, 0.25, 1.5], "rotation": 90, "texture": "#3"},
				"down": {"uv": [0, 0, 0.25, 1.5], "rotation": 90, "texture": "#3"}
			}
		},
		{
			"from": [5.4, 10, 16.10625],
			"to": [6.45, 11.1, 16.70625],
			"rotation": {"angle": 22.5, "axis": "z", "origin": [9.7, 1.5, -12.29375]},
			"faces": {
				"north": {"uv": [0, 0, 0.75, 1.5], "rotation": 180, "texture": "#0"},
				"east": {"uv": [0, 0, 0.25, 1.5], "rotation": 180, "texture": "#3"},
				"south": {"uv": [0, 0, 6.75, 5], "rotation": 180, "texture": "#3"},
				"west": {"uv": [0, 0, 0.25, 1.5], "rotation": 180, "texture": "#0"},
				"up": {"uv": [0, 0, 0.75, 0.25], "rotation": 180, "texture": "#3"},
				"down": {"uv": [0, 0, 0.75, 0.25], "rotation": 180, "texture": "#3"}
			}
		},
		{
			"from": [5.4, 10, 22.1875],
			"to": [6.45, 11.1, 22.7875],
			"rotation": {"angle": 22.5, "axis": "z", "origin": [9.7, 1.5, -12.0125]},
			"faces": {
				"north": {"uv": [0, 0, 2.75, 3.5], "rotation": 180, "texture": "#3"},
				"east": {"uv": [0, 0, 0.25, 1.5], "rotation": 180, "texture": "#3"},
				"south": {"uv": [0, 0, 0.75, 1.5], "rotation": 180, "texture": "#0"},
				"west": {"uv": [0, 0, 0.25, 1.5], "rotation": 180, "texture": "#0"},
				"up": {"uv": [0, 0, 0.75, 0.25], "rotation": 180, "texture": "#3"},
				"down": {"uv": [0, 0, 0.75, 0.25], "rotation": 180, "texture": "#3"}
			}
		},
		{
			"from": [1.9, 9.25, 16.10625],
			"to": [2.95, 12.6, 16.70625],
			"rotation": {"angle": 0, "axis": "z", "origin": [9.7, 1.5, -12.29375]},
			"faces": {
				"north": {"uv": [0, 0, 0.75, 1.5], "rotation": 180, "texture": "#0"},
				"east": {"uv": [0, 0, 0.25, 1.5], "rotation": 180, "texture": "#3"},
				"south": {"uv": [0, 0, 4.5, 4], "rotation": 180, "texture": "#3"},
				"west": {"uv": [0, 0, 0.25, 1.5], "rotation": 180, "texture": "#0"},
				"up": {"uv": [0, 0, 0.75, 0.25], "rotation": 180, "texture": "#3"},
				"down": {"uv": [0, 0, 0.75, 0.25], "rotation": 180, "texture": "#3"}
			}
		},
		{
			"from": [1.9, 9.25, 22.1875],
			"to": [2.95, 12.6, 22.7875],
			"rotation": {"angle": 0, "axis": "z", "origin": [9.7, 1.5, -12.0125]},
			"faces": {
				"north": {"uv": [0, 0, 3.75, 3.5], "rotation": 180, "texture": "#3"},
				"east": {"uv": [0, 0, 0.25, 1.5], "rotation": 180, "texture": "#3"},
				"south": {"uv": [0, 0, 0.75, 1.5], "rotation": 180, "texture": "#0"},
				"west": {"uv": [0, 0, 0.25, 1.5], "rotation": 180, "texture": "#0"},
				"up": {"uv": [0, 0, 0.75, 0.25], "rotation": 180, "texture": "#3"},
				"down": {"uv": [0, 0, 0.75, 0.25], "rotation": 180, "texture": "#3"}
			}
		},
		{
			"from": [1.54215, 12.46815, 17.55],
			"to": [2.14215, 13.56815, 21.35],
			"rotation": {"angle": 0, "axis": "z", "origin": [1.3, 3.9, -12.2]},
			"faces": {
				"north": {"uv": [0, 0, 0.25, 1.5], "texture": "#3"},
				"east": {"uv": [0, 0, 7, 1.5], "texture": "#3"},
				"south": {"uv": [0, 0, 0.25, 1.5], "texture": "#3"},
				"west": {"uv": [0, 0, 7, 1.5], "texture": "#3"},
				"up": {"uv": [0, 0, 0.25, 7], "texture": "#3"},
				"down": {"uv": [0, 0, 0.25, 7], "texture": "#3"}
			}
		},
		{
			"from": [16.99375, 7.375, 19.90625],
			"to": [17.79375, 8.225, 22.35],
			"rotation": {"angle": -22.5, "axis": "y", "origin": [9.7, 1.5, -12.2]},
			"faces": {
				"north": {"uv": [0, 0, 0.75, 1.5], "rotation": 180, "texture": "#3"},
				"east": {"uv": [0, 0, 3.75, 4], "rotation": 180, "texture": "#3"},
				"south": {"uv": [0, 0, 0.75, 1.5], "rotation": 180, "texture": "#3"},
				"west": {"uv": [0, 0, 0.25, 1.5], "rotation": 180, "texture": "#3"},
				"up": {"uv": [0, 0, 3.25, 3.25], "rotation": 180, "texture": "#3"},
				"down": {"uv": [0, 0, 0.75, 0.25], "rotation": 180, "texture": "#3"}
			}
		},
		{
			"from": [1.3, 2.475, 16.9],
			"to": [4.3, 3.075, 17.5],
			"rotation": {"angle": -22.5, "axis": "z", "origin": [9.7, 1.5, -12.2]},
			"faces": {
				"north": {"uv": [0, 0, 1.25, 0.25], "texture": "#1"},
				"east": {"uv": [0, 0, 0.25, 0.25], "texture": "#1"},
				"south": {"uv": [0, 0, 1.25, 0.25], "texture": "#1"},
				"west": {"uv": [0, 0, 0.25, 0.25], "texture": "#1"},
				"up": {"uv": [0, 0, 1.25, 0.25], "texture": "#1"},
				"down": {"uv": [0, 0, 1.25, 0.25], "texture": "#1"}
			}
		},
		{
			"from": [8.36875, 9.46875, 18.84375],
			"to": [9.41875, 10.13125, 20.0375],
			"rotation": {"angle": 22.5, "axis": "z", "origin": [9.7, 1.5, -12.2]},
			"faces": {
				"north": {"uv": [0, 0, 0.75, 1.5], "rotation": 180, "texture": "#3"},
				"east": {"uv": [0, 0, 1.75, 2], "rotation": 180, "texture": "#3"},
				"south": {"uv": [0, 0, 0.75, 1.5], "rotation": 180, "texture": "#3"},
				"west": {"uv": [0, 0, 0.25, 1.5], "rotation": 180, "texture": "#3"},
				"up": {"uv": [0, 0, 2.75, 3.75], "rotation": 180, "texture": "#3"},
				"down": {"uv": [0, 0, 0.75, 0.25], "rotation": 180, "texture": "#3"}
			}
		},
		{
			"from": [7.86875, 9.21875, 18.59375],
			"to": [8.91875, 10.06875, 20.2875],
			"rotation": {"angle": 22.5, "axis": "z", "origin": [9.7, 1.5, -12.2]},
			"faces": {
				"north": {"uv": [0, 0, 0.75, 1.5], "rotation": 180, "texture": "#3"},
				"east": {"uv": [0, 0, 5.75, 5], "rotation": 180, "texture": "#3"},
				"south": {"uv": [0, 0, 0.75, 1.5], "rotation": 180, "texture": "#3"},
				"west": {"uv": [0, 0, 0.25, 1.5], "rotation": 180, "texture": "#3"},
				"up": {"uv": [0, 0, 2.25, 2.25], "rotation": 180, "texture": "#3"},
				"down": {"uv": [0, 0, 0.75, 0.25], "rotation": 180, "texture": "#3"}
			}
		},
		{
			"from": [17.24375, 7.625, 19.15625],
			"to": [18.04375, 8.475, 20.6],
			"rotation": {"angle": -22.5, "axis": "y", "origin": [9.7, 1.5, -12.2]},
			"faces": {
				"north": {"uv": [0, 0, 0.75, 1.5], "rotation": 180, "texture": "#3"},
				"east": {"uv": [0, 0, 2.75, 3.5], "rotation": 180, "texture": "#3"},
				"south": {"uv": [0, 0, 0.75, 1.5], "rotation": 180, "texture": "#3"},
				"west": {"uv": [0, 0, 0.25, 1.5], "rotation": 180, "texture": "#3"},
				"up": {"uv": [0, 0, 3.75, 2.75], "rotation": 180, "texture": "#3"},
				"down": {"uv": [0, 0, 0.75, 0.25], "rotation": 180, "texture": "#3"}
			}
		},
		{
			"from": [7.74375, 7.625, 16.4],
			"to": [8.54375, 8.475, 17.84375],
			"rotation": {"angle": 22.5, "axis": "y", "origin": [9.7, 1.5, 26.2]},
			"faces": {
				"north": {"uv": [0.75, 0, 0, 1.5], "rotation": 180, "texture": "#3"},
				"east": {"uv": [3.25, 0, 0, 4], "rotation": 180, "texture": "#3"},
				"south": {"uv": [0.75, 0, 0, 1.5], "rotation": 180, "texture": "#3"},
				"west": {"uv": [0.25, 0, 0, 1.5], "rotation": 180, "texture": "#3"},
				"up": {"uv": [0, 4.75, 4.75, 0], "rotation": 180, "texture": "#3"},
				"down": {"uv": [0, 0.25, 0.75, 0], "rotation": 180, "texture": "#3"}
			}
		},
		{
			"from": [7.49375, 7.375, 14.65],
			"to": [8.29375, 8.225, 17.09375],
			"rotation": {"angle": 22.5, "axis": "y", "origin": [9.7, 1.5, 26.2]},
			"faces": {
				"north": {"uv": [0.75, 0, 0, 1.5], "rotation": 180, "texture": "#3"},
				"east": {"uv": [2.25, 0, 0, 2.5], "rotation": 180, "texture": "#3"},
				"south": {"uv": [0.75, 0, 0, 1.5], "rotation": 180, "texture": "#3"},
				"west": {"uv": [0.25, 0, 0, 1.5], "rotation": 180, "texture": "#3"},
				"up": {"uv": [0, 2.25, 2.25, 0], "rotation": 180, "texture": "#3"},
				"down": {"uv": [0, 0.25, 0.75, 0], "rotation": 180, "texture": "#3"}
			}
		},
		{
			"from": [-6.3, 2.4, 16.39375],
			"to": [-5.1, 5.4, 22.50625],
			"rotation": {"angle": -22.5, "axis": "z", "origin": [-0.3, 3, -12.2]},
			"faces": {
				"north": {"uv": [0, 0, 0.5, 1.25], "texture": "#0"},
				"east": {"uv": [0, 0, 7, 1.25], "texture": "#0"},
				"south": {"uv": [0, 0, 0.5, 1.25], "texture": "#0"},
				"west": {"uv": [0, 0, 7, 1.25], "texture": "#1"},
				"up": {"uv": [0, 0, 0.5, 7], "texture": "#0"},
				"down": {"uv": [0, 0, 0.5, 7], "texture": "#0"}
			}
		},
		{
			"from": [-6.86875, 7.2, 16.3],
			"to": [-3.3, 7.8, 22.6],
			"rotation": {"angle": 0, "axis": "z", "origin": [-0.3, 3, -12.2]},
			"faces": {
				"north": {"uv": [0, 0, 0.25, 1.5], "rotation": 270, "texture": "#3"},
				"east": {"uv": [0, 0, 0.25, 7], "rotation": 90, "texture": "#3"},
				"south": {"uv": [0, 0, 0.25, 1.5], "rotation": 90, "texture": "#3"},
				"west": {"uv": [0, 0, 0.25, 7], "rotation": 90, "texture": "#3"},
				"up": {"uv": [0, 0, 7, 1.5], "rotation": 90, "texture": "#3"},
				"down": {"uv": [0, 0, 7, 1.5], "rotation": 90, "texture": "#0"}
			}
		},
		{
			"from": [-5.1, 10.2, 16.3],
			"to": [-4.5, 12.6, 22.6],
			"rotation": {"angle": 22.5, "axis": "z", "origin": [-0.3, 3, -12.2]},
			"faces": {
				"north": {"uv": [0, 0, 0.25, 1], "texture": "#0"},
				"east": {"uv": [0, 0, 7, 1], "texture": "#3"},
				"south": {"uv": [0, 0, 0.25, 1], "texture": "#0"},
				"west": {"uv": [0, 0, 7, 1], "texture": "#3"},
				"up": {"uv": [0, 0, 0.25, 7], "texture": "#3"},
				"down": {"uv": [0, 0, 0.25, 7], "texture": "#3"}
			}
		},
		{
			"from": [-8.45785, 10.46815, 16.3],
			"to": [-7.85785, 14.06815, 22.6],
			"rotation": {"angle": 0, "axis": "z", "origin": [-8.7, 5.4, -12.2]},
			"faces": {
				"north": {"uv": [0, 0, 0.25, 1.5], "texture": "#0"},
				"east": {"uv": [0, 0, 7, 1.5], "texture": "#3"},
				"south": {"uv": [0, 0, 0.25, 1.5], "texture": "#0"},
				"west": {"uv": [0, 0, 7, 1.5], "texture": "#3"},
				"up": {"uv": [0, 0, 0.25, 7], "texture": "#3"},
				"down": {"uv": [0, 0, 0.25, 7], "texture": "#3"}
			}
		},
		{
			"from": [-8.7, 3.975, 21.4],
			"to": [-5.7, 4.575, 22],
			"rotation": {"angle": -22.5, "axis": "z", "origin": [-0.3, 3, -12.2]},
			"faces": {
				"north": {"uv": [0, 0, 1.25, 0.25], "texture": "#1"},
				"east": {"uv": [0, 0, 0.25, 0.25], "texture": "#1"},
				"south": {"uv": [0, 0, 1.25, 0.25], "texture": "#1"},
				"west": {"uv": [0, 0, 0.25, 0.25], "texture": "#1"},
				"up": {"uv": [0, 0, 1.25, 0.25], "texture": "#1"},
				"down": {"uv": [0, 0, 1.25, 0.25], "texture": "#1"}
			}
		},
		{
			"from": [-6.9, 7.2, 22.1875],
			"to": [-3.3, 9, 22.7875],
			"rotation": {"angle": 0, "axis": "z", "origin": [-0.3, 3, -12.0125]},
			"faces": {
				"north": {"uv": [0, 0, 4.25, 5], "rotation": 270, "texture": "#3"},
				"east": {"uv": [0, 0, 0.75, 0.25], "rotation": 90, "texture": "#3"},
				"south": {"uv": [0, 0, 0.75, 1.5], "rotation": 90, "texture": "#0"},
				"west": {"uv": [0, 0, 0.75, 0.25], "rotation": 90, "texture": "#0"},
				"up": {"uv": [0, 0, 0.25, 1.5], "rotation": 90, "texture": "#3"},
				"down": {"uv": [0, 0, 0.25, 1.5], "rotation": 90, "texture": "#0"}
			}
		},
		{
			"from": [-6.9, 7.2, 16.10625],
			"to": [-3.3, 9, 16.70625],
			"rotation": {"angle": 0, "axis": "z", "origin": [-0.3, 3, -12.29375]},
			"faces": {
				"north": {"uv": [0, 0, 0.75, 1.5], "rotation": 270, "texture": "#0"},
				"east": {"uv": [0, 0, 0.75, 0.25], "rotation": 90, "texture": "#3"},
				"south": {"uv": [0, 0, 12.75, 9], "rotation": 90, "texture": "#3"},
				"west": {"uv": [0, 0, 0.75, 0.25], "rotation": 90, "texture": "#0"},
				"up": {"uv": [0, 0, 0.25, 1.5], "rotation": 90, "texture": "#3"},
				"down": {"uv": [0, 0, 0.25, 1.5], "rotation": 90, "texture": "#3"}
			}
		},
		{
			"from": [-4.6, 11.5, 16.10625],
			"to": [-3.55, 12.6, 16.70625],
			"rotation": {"angle": 22.5, "axis": "z", "origin": [-0.3, 3, -12.29375]},
			"faces": {
				"north": {"uv": [0, 0, 0.75, 1.5], "rotation": 180, "texture": "#0"},
				"east": {"uv": [0, 0, 0.25, 1.5], "rotation": 180, "texture": "#3"},
				"south": {"uv": [0, 0, 6.75, 5], "rotation": 180, "texture": "#3"},
				"west": {"uv": [0, 0, 0.25, 1.5], "rotation": 180, "texture": "#0"},
				"up": {"uv": [0, 0, 0.75, 0.25], "rotation": 180, "texture": "#3"},
				"down": {"uv": [0, 0, 0.75, 0.25], "rotation": 180, "texture": "#3"}
			}
		},
		{
			"from": [-4.6, 11.5, 22.1875],
			"to": [-3.55, 12.6, 22.7875],
			"rotation": {"angle": 22.5, "axis": "z", "origin": [-0.3, 3, -12.0125]},
			"faces": {
				"north": {"uv": [0, 0, 2.75, 3.5], "rotation": 180, "texture": "#3"},
				"east": {"uv": [0, 0, 0.25, 1.5], "rotation": 180, "texture": "#3"},
				"south": {"uv": [0, 0, 0.75, 1.5], "rotation": 180, "texture": "#0"},
				"west": {"uv": [0, 0, 0.25, 1.5], "rotation": 180, "texture": "#0"},
				"up": {"uv": [0, 0, 0.75, 0.25], "rotation": 180, "texture": "#3"},
				"down": {"uv": [0, 0, 0.75, 0.25], "rotation": 180, "texture": "#3"}
			}
		},
		{
			"from": [-8.1, 10.75, 16.10625],
			"to": [-7.05, 14.1, 16.70625],
			"rotation": {"angle": 0, "axis": "z", "origin": [-0.3, 3, -12.29375]},
			"faces": {
				"north": {"uv": [0, 0, 0.75, 1.5], "rotation": 180, "texture": "#0"},
				"east": {"uv": [0, 0, 0.25, 1.5], "rotation": 180, "texture": "#3"},
				"south": {"uv": [0, 0, 4.5, 4], "rotation": 180, "texture": "#3"},
				"west": {"uv": [0, 0, 0.25, 1.5], "rotation": 180, "texture": "#0"},
				"up": {"uv": [0, 0, 0.75, 0.25], "rotation": 180, "texture": "#3"},
				"down": {"uv": [0, 0, 0.75, 0.25], "rotation": 180, "texture": "#3"}
			}
		},
		{
			"from": [-8.1, 10.75, 22.1875],
			"to": [-7.05, 14.1, 22.7875],
			"rotation": {"angle": 0, "axis": "z", "origin": [-0.3, 3, -12.0125]},
			"faces": {
				"north": {"uv": [0, 0, 3.75, 3.5], "rotation": 180, "texture": "#3"},
				"east": {"uv": [0, 0, 0.25, 1.5], "rotation": 180, "texture": "#3"},
				"south": {"uv": [0, 0, 0.75, 1.5], "rotation": 180, "texture": "#0"},
				"west": {"uv": [0, 0, 0.25, 1.5], "rotation": 180, "texture": "#0"},
				"up": {"uv": [0, 0, 0.75, 0.25], "rotation": 180, "texture": "#3"},
				"down": {"uv": [0, 0, 0.75, 0.25], "rotation": 180, "texture": "#3"}
			}
		},
		{
			"from": [-8.45785, 13.96815, 17.55],
			"to": [-7.85785, 15.06815, 21.35],
			"rotation": {"angle": 0, "axis": "z", "origin": [-8.7, 5.4, -12.2]},
			"faces": {
				"north": {"uv": [0, 0, 0.25, 1.5], "texture": "#3"},
				"east": {"uv": [0, 0, 7, 1.5], "texture": "#3"},
				"south": {"uv": [0, 0, 0.25, 1.5], "texture": "#3"},
				"west": {"uv": [0, 0, 7, 1.5], "texture": "#3"},
				"up": {"uv": [0, 0, 0.25, 7], "texture": "#3"},
				"down": {"uv": [0, 0, 0.25, 7], "texture": "#3"}
			}
		},
		{
			"from": [6.99375, 8.875, 19.90625],
			"to": [7.79375, 9.725, 22.35],
			"rotation": {"angle": -22.5, "axis": "y", "origin": [-0.3, 3, -12.2]},
			"faces": {
				"north": {"uv": [0, 0, 0.75, 1.5], "rotation": 180, "texture": "#3"},
				"east": {"uv": [0, 0, 3.75, 4], "rotation": 180, "texture": "#3"},
				"south": {"uv": [0, 0, 0.75, 1.5], "rotation": 180, "texture": "#3"},
				"west": {"uv": [0, 0, 0.25, 1.5], "rotation": 180, "texture": "#3"},
				"up": {"uv": [0, 0, 3.25, 3.25], "rotation": 180, "texture": "#3"},
				"down": {"uv": [0, 0, 0.75, 0.25], "rotation": 180, "texture": "#3"}
			}
		},
		{
			"from": [-8.7, 3.975, 16.9],
			"to": [-5.7, 4.575, 17.5],
			"rotation": {"angle": -22.5, "axis": "z", "origin": [-0.3, 3, -12.2]},
			"faces": {
				"north": {"uv": [0, 0, 1.25, 0.25], "texture": "#1"},
				"east": {"uv": [0, 0, 0.25, 0.25], "texture": "#1"},
				"south": {"uv": [0, 0, 1.25, 0.25], "texture": "#1"},
				"west": {"uv": [0, 0, 0.25, 0.25], "texture": "#1"},
				"up": {"uv": [0, 0, 1.25, 0.25], "texture": "#1"},
				"down": {"uv": [0, 0, 1.25, 0.25], "texture": "#1"}
			}
		},
		{
			"from": [-1.63125, 10.96875, 18.84375],
			"to": [-0.58125, 11.63125, 20.0375],
			"rotation": {"angle": 22.5, "axis": "z", "origin": [-0.3, 3, -12.2]},
			"faces": {
				"north": {"uv": [0, 0, 0.75, 1.5], "rotation": 180, "texture": "#3"},
				"east": {"uv": [0, 0, 1.75, 2], "rotation": 180, "texture": "#3"},
				"south": {"uv": [0, 0, 0.75, 1.5], "rotation": 180, "texture": "#3"},
				"west": {"uv": [0, 0, 0.25, 1.5], "rotation": 180, "texture": "#3"},
				"up": {"uv": [0, 0, 2.75, 3.75], "rotation": 180, "texture": "#3"},
				"down": {"uv": [0, 0, 0.75, 0.25], "rotation": 180, "texture": "#3"}
			}
		},
		{
			"from": [-2.13125, 10.71875, 18.59375],
			"to": [-1.08125, 11.56875, 20.2875],
			"rotation": {"angle": 22.5, "axis": "z", "origin": [-0.3, 3, -12.2]},
			"faces": {
				"north": {"uv": [0, 0, 0.75, 1.5], "rotation": 180, "texture": "#3"},
				"east": {"uv": [0, 0, 5.75, 5], "rotation": 180, "texture": "#3"},
				"south": {"uv": [0, 0, 0.75, 1.5], "rotation": 180, "texture": "#3"},
				"west": {"uv": [0, 0, 0.25, 1.5], "rotation": 180, "texture": "#3"},
				"up": {"uv": [0, 0, 2.25, 2.25], "rotation": 180, "texture": "#3"},
				"down": {"uv": [0, 0, 0.75, 0.25], "rotation": 180, "texture": "#3"}
			}
		},
		{
			"from": [7.24375, 9.125, 19.15625],
			"to": [8.04375, 9.975, 20.6],
			"rotation": {"angle": -22.5, "axis": "y", "origin": [-0.3, 3, -12.2]},
			"faces": {
				"north": {"uv": [0, 0, 0.75, 1.5], "rotation": 180, "texture": "#3"},
				"east": {"uv": [0, 0, 2.75, 3.5], "rotation": 180, "texture": "#3"},
				"south": {"uv": [0, 0, 0.75, 1.5], "rotation": 180, "texture": "#3"},
				"west": {"uv": [0, 0, 0.25, 1.5], "rotation": 180, "texture": "#3"},
				"up": {"uv": [0, 0, 3.75, 2.75], "rotation": 180, "texture": "#3"},
				"down": {"uv": [0, 0, 0.75, 0.25], "rotation": 180, "texture": "#3"}
			}
		},
		{
			"from": [-2.25625, 9.125, 16.4],
			"to": [-1.45625, 9.975, 17.84375],
			"rotation": {"angle": 22.5, "axis": "y", "origin": [-0.3, 3, 26.2]},
			"faces": {
				"north": {"uv": [0.75, 0, 0, 1.5], "rotation": 180, "texture": "#3"},
				"east": {"uv": [3.25, 0, 0, 4], "rotation": 180, "texture": "#3"},
				"south": {"uv": [0.75, 0, 0, 1.5], "rotation": 180, "texture": "#3"},
				"west": {"uv": [0.25, 0, 0, 1.5], "rotation": 180, "texture": "#3"},
				"up": {"uv": [0, 4.75, 4.75, 0], "rotation": 180, "texture": "#3"},
				"down": {"uv": [0, 0.25, 0.75, 0], "rotation": 180, "texture": "#3"}
			}
		},
		{
			"from": [-2.50625, 8.875, 14.65],
			"to": [-1.70625, 9.725, 17.09375],
			"rotation": {"angle": 22.5, "axis": "y", "origin": [-0.3, 3, 26.2]},
			"faces": {
				"north": {"uv": [0.75, 0, 0, 1.5], "rotation": 180, "texture": "#3"},
				"east": {"uv": [2.25, 0, 0, 2.5], "rotation": 180, "texture": "#3"},
				"south": {"uv": [0.75, 0, 0, 1.5], "rotation": 180, "texture": "#3"},
				"west": {"uv": [0.25, 0, 0, 1.5], "rotation": 180, "texture": "#3"},
				"up": {"uv": [0, 2.25, 2.25, 0], "rotation": 180, "texture": "#3"},
				"down": {"uv": [0, 0.25, 0.75, 0], "rotation": 180, "texture": "#3"}
			}
		}
	],
	"display": {
		"head": {
			"translation": [-39, 9.5, -28.5],
			"scale": [4, 4, 4]
		}
	},
	"groups": [
		0,
		1,
		2,
		3,
		4,
		5,
		6,
		7,
		8,
		9,
		10,
		11,
		12,
		13,
		14,
		15,
		16,
		17,
		18,
		19,
		20,
		21,
		22,
		23,
		24,
		25,
		26,
		27,
		28,
		29,
		30,
		31,
		32,
		33,
		34,
		35,
		36,
		37,
		38,
		39,
		40,
		41,
		42,
		43,
		44,
		45,
		46,
		47,
		48,
		49,
		50,
		51,
		52,
		53,
		54,
		55,
		56,
		57,
		58,
		59,
		60,
		61,
		{
			"name": "seat",
			"origin": [21.2, 0, 27.2],
			"color": 0,
			"children": [
				62,
				63,
				64,
				65,
				66,
				67,
				68,
				69,
				70,
				71,
				72,
				73,
				74,
				75,
				76,
				77,
				78,
				79,
				80,
				81,
				82,
				83,
				84,
				85,
				86,
				87,
				88,
				89,
				90,
				91,
				92,
				93,
				94,
				95,
				96,
				97,
				98,
				99,
				100,
				101,
				102,
				103,
				104,
				105,
				106,
				107,
				108,
				109,
				110,
				111,
				112,
				113,
				114,
				115,
				116,
				117,
				118
			]
		},
		{
			"name": "seat",
			"origin": [21.2, 0, 27.2],
			"color": 0,
			"children": [
				119,
				120,
				121,
				122,
				123,
				124,
				125,
				126,
				127,
				128,
				129,
				130,
				131,
				132,
				133,
				134,
				135,
				136,
				137,
				138,
				139,
				140,
				141,
				142,
				143,
				144,
				145,
				146,
				147,
				148,
				149,
				150,
				151,
				152,
				153,
				154,
				155,
				156,
				157,
				158,
				159,
				160,
				161,
				162,
				163,
				164,
				165,
				166,
				167,
				168,
				169,
				170,
				171,
				172,
				173,
				174,
				175
			]
		}
	]
}